-- MySQL dump 10.13  Distrib 8.0.20, for Linux (x86_64)
--
-- Host: localhost    Database: buy-me-maybe
-- ------------------------------------------------------
-- Server version	8.0.20

/*!40101 SET @OLD_CHARACTER_SET_CLIENT=@@CHARACTER_SET_CLIENT */;
/*!40101 SET @OLD_CHARACTER_SET_RESULTS=@@CHARACTER_SET_RESULTS */;
/*!40101 SET @OLD_COLLATION_CONNECTION=@@COLLATION_CONNECTION */;
/*!50503 SET NAMES utf8mb4 */;
/*!40103 SET @OLD_TIME_ZONE=@@TIME_ZONE */;
/*!40103 SET TIME_ZONE='+00:00' */;
/*!40014 SET @OLD_UNIQUE_CHECKS=@@UNIQUE_CHECKS, UNIQUE_CHECKS=0 */;
/*!40014 SET @OLD_FOREIGN_KEY_CHECKS=@@FOREIGN_KEY_CHECKS, FOREIGN_KEY_CHECKS=0 */;
/*!40101 SET @OLD_SQL_MODE=@@SQL_MODE, SQL_MODE='NO_AUTO_VALUE_ON_ZERO' */;
/*!40111 SET @OLD_SQL_NOTES=@@SQL_NOTES, SQL_NOTES=0 */;

--
-- Table structure for table `customer`
--

DROP TABLE IF EXISTS `customer`;
/*!40101 SET @saved_cs_client     = @@character_set_client */;
/*!50503 SET character_set_client = utf8mb4 */;
CREATE TABLE `customer` (
  `id` int NOT NULL AUTO_INCREMENT,
  `username` varchar(50) NOT NULL,
  `city` varchar(50) NOT NULL,
  PRIMARY KEY (`id`),
  UNIQUE KEY `customer_name_uindex` (`username`)
) ENGINE=InnoDB AUTO_INCREMENT=501 DEFAULT CHARSET=utf8mb4 COLLATE=utf8mb4_0900_ai_ci;
/*!40101 SET character_set_client = @saved_cs_client */;

--
-- Dumping data for table `customer`
--

LOCK TABLES `customer` WRITE;
/*!40000 ALTER TABLE `customer` DISABLE KEYS */;
INSERT INTO `customer` VALUES (1,'odowne0','Lewotola'),(2,'acaccavari1','Weyburn'),(3,'dsappell2','Lixu'),(4,'gcapewell3','Alanga'),(5,'ffreebury4','Villa Aglipay'),(6,'vmaccarrane5','Molodohvardiys’k'),(7,'cwrixon6','Liangbing'),(8,'vmonkton7','Iwase'),(9,'apim8','Xinjiezi'),(10,'wccomini9','Delmas'),(11,'pwindrusa','Durham'),(12,'spetzoltb','Kuznechikha'),(13,'mthelwllc','Paiçandu'),(14,'styroned','Lapachito'),(15,'tfreiree','Montreuil'),(16,'pthickinf','Néos Skopós'),(17,'mgideong','Khosta'),(18,'kkelsallh','Balangpule'),(19,'lrumpi','Banyue'),(20,'cpenrosej','Galitsy'),(21,'lmellingsk','Isfana'),(22,'byanshinl','Wenwucao'),(23,'cbidgoodm','Chengdong'),(24,'gwanjekn','Gornji Breg'),(25,'gninniso','Mülheim an der Ruhr'),(26,'sbesemerp','Eira da Pedra'),(27,'dfarreilq','Yushan'),(28,'isorrillr','København'),(29,'klabdens','San Luis'),(30,'ndrant','Krong Pi Nang'),(31,'gwillcottu','Bungoma'),(32,'esavaagev','Chochkan'),(33,'fmikalskiw','Krzeczów'),(34,'wquillinanex','Damiao'),(35,'rweildy','Shigu'),(36,'sthiemez','Prakhon Chai'),(37,'sfreckleton10','Muzaffargarh'),(38,'jvassall11','Koski Tl'),(39,'rtolemache12','Kakhovka'),(40,'nundrell13','Ängelholm'),(41,'tandrioli14','Banraeaba Village'),(42,'bloynes15','Pyatnitskoye'),(43,'bchristoffels16','Tiechang'),(44,'ebrislan17','Petrolina'),(45,'tyesenev18','Oborniki Śląskie'),(46,'mgrissett19','Siayan'),(47,'awilliams1a','Jinghai'),(48,'pstranio1b','San José Poaquil'),(49,'gouldred1c','Springbok'),(50,'mmaude1d','Brusyliv'),(51,'sorsman1e','Chinch\'ŏn'),(52,'cbutterwick1f','Rozsypne'),(53,'mglendzer1g','Paccha'),(54,'kfrisch1h','Rantaupanjangkiri'),(55,'aharme1i','Bajing'),(56,'shubbuck1j','Cirahab'),(57,'hgatcliff1k','Akunk’'),(58,'arockwell1l','Lizi'),(59,'cpesic1m','Daji'),(60,'hsteabler1n','Río Limpio'),(61,'ghornbuckle1o','Taokeng'),(62,'tzywicki1p','Abashiri'),(63,'jgiraldo1q','Washington'),(64,'klodden1r','Iwakuni'),(65,'rgatsby1s','Sujiatuo'),(66,'vmccrae1t','Santana do Ipanema'),(67,'sgaishson1u','Koanara'),(68,'rdomleo1v','Lengor'),(69,'glovstrom1w','El Realejo'),(70,'bellinor1x','Erfangping'),(71,'cagirre1y','Bejuco'),(72,'cpimbley1z','Maripa'),(73,'cwolver20','Aserrí'),(74,'kwalentynowicz21','Zhongxing'),(75,'vsatterthwaite22','Chyšky'),(76,'gfairnington23','Kotauneng'),(77,'efagg24','Sardasht'),(78,'llanglais25','Xieyang'),(79,'rsingers26','Labuhansumbawa'),(80,'jcorradetti27','Yaozhou'),(81,'gcalken28','Sui’an'),(82,'esnooks29','Santo Amaro'),(83,'clewty2a','Aourir'),(84,'apiggens2b','Aţ Ţīrah'),(85,'rstanbridge2c','Rifeng'),(86,'tchartre2d','Sindangsuka'),(87,'wsteagall2e','Sanandaj'),(88,'tchinnick2f','Szydłowo'),(89,'sferran2g','Nusajaya'),(90,'hgilardi2h','Gujun'),(91,'hjandourek2i','Mayskiy'),(92,'zstoakley2j','Sobreira'),(93,'dastlet2k','Man'),(94,'ocosyns2l','Hongchang'),(95,'rsteddall2m','Chalaco'),(96,'wsyphus2n','Eha Amufu'),(97,'wchristophle2o','Březová nad Svitavou'),(98,'ebotten2p','Corga'),(99,'cshakespear2q','Kultuk'),(100,'alernihan2r','Amalfi'),(101,'gdeering2s','Zhushan'),(102,'rscheu2t','Inongo'),(103,'pwayland2u','Guimarães'),(104,'fdyball2v','Jihlava'),(105,'jcrawcour2w','Cikawung'),(106,'rlevitt2x','Loma Bonita'),(107,'lvarns2y','Sinamar'),(108,'adeverille2z','Long Loreh'),(109,'rscadden30','Sam Phran'),(110,'cragbourne31','Rejoagung'),(111,'ashackleford32','Tsul-Ulaan'),(112,'cmacchaell33','Yaguachi Nuevo'),(113,'cmackall34','Samoš'),(114,'jspellesy35','Taiping'),(115,'briolfo36','Västerhaninge'),(116,'tbugdall37','Kalmar'),(117,'dbevens38','Tuwiri Wetan'),(118,'nsemrad39','Itauguá'),(119,'lschimank3a','Pniv'),(120,'gbrocklebank3b','Vilarelho'),(121,'nvarran3c','North Perth'),(122,'rcrosscombe3d','Woniuhe'),(123,'swheble3e','San Isidro'),(124,'bvolant3f','Dogonbadan'),(125,'zgrundle3g','San José de Miranda'),(126,'cerrichiello3h','Debre Zeyit'),(127,'dkleisel3i','Saint-Denis'),(128,'rbletsor3j','Gândara'),(129,'cgosnell3k','Montreuil'),(130,'bgoodboddy3l','Anabar'),(131,'lrendbaek3m','Loei'),(132,'sadolf3n','Moca'),(133,'mjobson3o','Jintun'),(134,'gsmorthit3p','Puyan'),(135,'breuter3q','Quarteira'),(136,'odymond3r','Lankaran'),(137,'ecornfield3s','Greenland'),(138,'lyeeles3t','Tehrān'),(139,'lguerre3u','Gobernador Ingeniero Valentín Virasoro'),(140,'fpeat3v','Lingmen'),(141,'dboow3w','Sankui'),(142,'pbolstridge3x','Mella'),(143,'hfinlow3y','Varennes'),(144,'mpinel3z','San Juan'),(145,'amcgrae40','San Guillermo'),(146,'hhuie41','Fushë-Muhurr'),(147,'bjodlowski42','Dabai'),(148,'cbretland43','Xiaocun'),(149,'sleborgne44','Spas-Klepiki'),(150,'fmille45','Changmao'),(151,'jdaugherty46','Golek'),(152,'tmcilwrath47','El Colorado'),(153,'alamba48','Anuchino'),(154,'bfoxon49','Skärhamn'),(155,'stollow4a','Zhongxi'),(156,'bcasine4b','Bełchatów'),(157,'tmanuely4c','Beaconsfield'),(158,'lconre4d','Bakhmach'),(159,'kauty4e','Alto de la Estancia'),(160,'spaoli4f','Shiozawa'),(161,'fdewen4g','Jianling'),(162,'llappin4h','Dushk'),(163,'aheeran4i','Langue'),(164,'zstaubyn4j','Salām Khēl'),(165,'ctripon4k','Haodi'),(166,'ddakhno4l','Bokaa'),(167,'vthreader4m','Kleszczów'),(168,'ajonk4n','Colón'),(169,'apentlow4o','Boaco'),(170,'gphinnis4p','Tekeli'),(171,'cborchardt4q','Paagahan'),(172,'owittering4r','Caucagüito'),(173,'balasdair4s','São Mateus do Sul'),(174,'iegleofgermany4t','Vila Chã'),(175,'jprocter4u','Batán'),(176,'lboothman4v','Malartic'),(177,'sshiel4w','Suvorovskaya'),(178,'hmouatt4x','Galovac'),(179,'shadigate4y','Renhe'),(180,'bgoade4z','Helmsange'),(181,'ejerrom50','Huangqi'),(182,'eerdis51','Zongga'),(183,'despley52','Jedlnia-Letnisko'),(184,'ksutcliffe53','Zevenaar'),(185,'ngibson54','Afaahiti'),(186,'bsouthcott55','Černelavci'),(187,'hgallie56','Mawu'),(188,'bfrankum57','Padabeunghar'),(189,'alazenbury58','Senneterre'),(190,'jpirozzi59','Ocuviri'),(191,'mwimbush5a','Cluny'),(192,'mmacglory5b','Javhlant'),(193,'kpink5c','Asquipata'),(194,'cabbyss5d','Dunyāpur'),(195,'bsamudio5e','Stylída'),(196,'smorten5f','Luksuhin'),(197,'ccheshire5g','Phon Charoen'),(198,'tsculpher5h','Jilili'),(199,'laviss5i','Langarūd'),(200,'alabadini5j','Vanino'),(201,'skenney5k','Goshogawara'),(202,'dsale5l','Shkodër'),(203,'orowlands5m','Jianqiao'),(204,'sjohn5n','Kodamachō-kodamaminami'),(205,'bduggan5o','An Naşr'),(206,'itufts5p','Coulommiers'),(207,'amarjot5q','Magok'),(208,'aludovici5r','Uthai Thani'),(209,'bboniface5s','Gaozhou'),(210,'rlewty5t','Hepang'),(211,'dbackhurst5u','Poroçan'),(212,'ebeardsall5v','Novoukrainskiy'),(213,'bbuttel5w','Zubūbah'),(214,'acolten5x','Orléans'),(215,'mransbury5y','Luuka Town'),(216,'ltother5z','Yerazgavors'),(217,'rhoyt60','Weishanzhuang'),(218,'agerriets61','Karney Shomron'),(219,'tlacroux62','Saint Louis'),(220,'iroskruge63','Manaus'),(221,'rskitt64','Xilu'),(222,'vreadings65','San Matías'),(223,'fdarrel66','Hoeyang'),(224,'wkelway67','Fukadale'),(225,'fmcskin68','Sitularang Landeuh'),(226,'cfairman69','Xidianzi'),(227,'graffan6a','Chur'),(228,'bmiskimmon6b','San Nicolas'),(229,'hdurden6c','Kota Bharu'),(230,'bfashion6d','Sukamaju'),(231,'pmarchenko6e','Muriaé'),(232,'lhryniewicz6f','Dongting'),(233,'kcheyenne6g','Cañaveral'),(234,'ebandt6h','Oropesa'),(235,'gbresland6i','Södertälje'),(236,'ascallan6j','Igoumenítsa'),(237,'hsprason6k','Sukamaju'),(238,'hjuza6l','Bełk'),(239,'abuddle6m','Thành phố Bạc Liêu'),(240,'gchenery6n','Pangkalanbunut'),(241,'nohms6o','Igbaras'),(242,'cparncutt6p','Vuhlehirs’k'),(243,'bfigura6q','Āzādshahr'),(244,'ccoraini6r','Rungis'),(245,'yyearns6s','Az Ziyārah'),(246,'squennell6t','Brailiv'),(247,'spyffe6u','Shihui'),(248,'jgors6v','Baiyin'),(249,'acrix6w','Independencia'),(250,'dfranzini6x','Rogóźno'),(251,'ybransgrove6y','Ad Dawḩah'),(252,'fsolley6z','Wuqiao'),(253,'jmocquer70','Apucarana'),(254,'tmacskeaghan71','Dalumangcob'),(255,'dcalderonello72','Czudec'),(256,'alampl73','Shadui'),(257,'hkapiloff74','Sananrejo'),(258,'cgannan75','Padre Bernardo'),(259,'ndurnan76','Xuwei'),(260,'dgadney77','Guanshan'),(261,'nspittle78','Strasbourg'),(262,'abraunroth79','Cali'),(263,'vdonoher7a','Mutum Biyu'),(264,'mlauchlan7b','Long Xuyên'),(265,'rcocking7c','Sidi Qacem'),(266,'nconway7d','Trà Vinh'),(267,'ndeaton7e','Dresden'),(268,'dtremaine7f','Las Breñas'),(269,'oshoobridge7g','Cabeço'),(270,'pdofty7h','Yangiqo‘rg‘on'),(271,'cgianni7i','Debre Werk’'),(272,'gshrimpling7j','Ala'),(273,'jproppers7k','Mirecourt'),(274,'cbertlin7l','Biljača'),(275,'kellsbury7m','Khlong Luang'),(276,'smullan7n','Forino'),(277,'abreacher7o','Banjar Batuaji Kaja'),(278,'mmcowan7p','Ciusul'),(279,'lvalerio7q','Xiapu'),(280,'agrim7r','Xi’an'),(281,'rdenyukhin7s','München'),(282,'amcpike7t','Tetebatu'),(283,'avivians7u','Karlskrona'),(284,'kdalmon7v','Worcester'),(285,'crookeby7w','Soutocico'),(286,'pcordeiro7x','Oliveira'),(287,'hespino7y','Maldonado'),(288,'kearsman7z','Kool Tengah'),(289,'smonketon80','Honghe'),(290,'aloudiane81','Rayong'),(291,'gverdey82','Wafang'),(292,'idohrmann83','Boulogne-sur-Mer'),(293,'adenisot84','Insrom'),(294,'dreader85','Radlje ob Dravi'),(295,'ogrisenthwaite86','Zhoutie'),(296,'againseford87','Ath'),(297,'emalkinson88','Kourou'),(298,'wmilburne89','Sanchahe'),(299,'mdemerida8a','Brumadinho'),(300,'hsneaker8b','Yala'),(301,'hpolak8c','Jardin'),(302,'ngorman8d','Tohautu'),(303,'tpinckard8e','Prachuap Khiri Khan'),(304,'gclemmow8f','Porta'),(305,'dveitch8g','Sandy Bay'),(306,'cdegoix8h','Paatan'),(307,'tmcatamney8i','Mekon'),(308,'bstuddert8j','Wyszki'),(309,'cgallardo8k','Xinó Neró'),(310,'squantick8l','Huchang'),(311,'bswindall8m','Watergrasshill'),(312,'emcgarry8n','Harrison Brook'),(313,'fcomazzo8o','Far‘ūn'),(314,'hjamme8p','Magang'),(315,'jgillatt8q','Loreto'),(316,'scolvin8r','San Antonio'),(317,'twagge8s','Përmet'),(318,'gwint8t','Bi’r al ‘Abd'),(319,'cpawelski8u','Arrah'),(320,'fpearmine8v','La Roche-sur-Yon'),(321,'agadie8w','Jishan'),(322,'rmclagain8x','Pingshi'),(323,'isenton8y','Vithkuq'),(324,'slonnon8z','Banjar Dauhpura'),(325,'blynde90','San Jerónimo'),(326,'pgyford91','Krajan Bakalan'),(327,'sfraanchyonok92','Secunda'),(328,'hladlow93','Tymbark'),(329,'gwitson94','Dagang'),(330,'mmangenot95','Jessore'),(331,'gordish96','Sydney'),(332,'nbompas97','Zhoujiaba'),(333,'lhoulton98','Gagarawa'),(334,'atotterdill99','Örebro'),(335,'zbowes9a','Kunjāh'),(336,'jbott9b','Liozon'),(337,'uros9c','Buenos Aires'),(338,'bcawdell9d','Shibli'),(339,'rtetford9e','Baojiadian'),(340,'fbasterfield9f','Paris 12'),(341,'sstrothers9g','Kosava'),(342,'lmengue9h','Räpina'),(343,'dcowdrey9i','Krasnyy Oktyabr’'),(344,'dsurgeoner9j','Sidomulyo'),(345,'jlivingston9k','Fengyang'),(346,'bhendrich9l','Bogolyubovo'),(347,'btongue9m','Shahumyan'),(348,'kstebbins9n','Tangwang'),(349,'tredington9o','Langzhong'),(350,'arichly9p','Timiryazevo'),(351,'cpetto9q','Oliveira'),(352,'garmsden9r','Ōsaka-shi'),(353,'hmcquaid9s','Haebaru'),(354,'eguerro9t','Zelenogorsk'),(355,'sfeldbau9u','Lühua'),(356,'bbalharry9v','Vrýses'),(357,'baprahamian9w','Helsingborg'),(358,'sfolca9x','São Pedro'),(359,'mdove9y','Estombar'),(360,'zboyle9z','Rucava'),(361,'jshortena0','Santo André'),(362,'clodera1','Gorzyce'),(363,'jandrassya2','Anahuac'),(364,'labbyssa3','Fernando de Noronha (Distrito Estadual)'),(365,'rsingha4','Tarsouat'),(366,'krichtera5','Pingshan'),(367,'khenriquesa6','Caldas Novas'),(368,'mslanea7','Inhumas'),(369,'rdewdneya8','Galubakul'),(370,'aanthoina9','Karpinsk'),(371,'rmcrobbaa','Joaquín V. González'),(372,'kpiatkowab','Salisbury'),(373,'hcheleyac','Saint-Quentin-en-Yvelines'),(374,'ggunnyad','Bandar Seri Begawan'),(375,'asauvainae','Kabaty'),(376,'aheightaf','Xamtay'),(377,'ghebbleag','Wangjiaping'),(378,'dmicheauah','Cinyumput'),(379,'mplesingai','Banjar Anyar'),(380,'mheadlyaj','Piława Górna'),(381,'zkaemenaak','Chilecito'),(382,'dmacgahyal','Jarabacoa'),(383,'lfulleyloveam','Heqian'),(384,'afreezeran','Dalan'),(385,'gcloyao','Tongli'),(386,'ppagelsenap','Andradas'),(387,'ibarrowsaq','Funafuti'),(388,'cchiverstonear','Silgueiros'),(389,'dstorryas','Shāzand'),(390,'bdresseat','Angers'),(391,'sfoulksau','Randuagung'),(392,'switherupav','Wedoro'),(393,'rconanaw','Machinga'),(394,'cbooelnax','Vilnius'),(395,'bwasbeyay','Boawae'),(396,'hgarwellaz','Palmerston North'),(397,'jsimnettb0','Peuteuy'),(398,'drobartb1','San Buenaventura'),(399,'rhartburnb2','Järvakandi'),(400,'awohlerb3','Niedźwiedź'),(401,'lsebrookb4','Dongxin'),(402,'dcadmanb5','Béreldange'),(403,'rquinlanb6','Māymay'),(404,'hberthelmotb7','Panxi'),(405,'iseckingtonb8','Victoria'),(406,'elovettb9','Santa Maria'),(407,'qdavissonba','Itu'),(408,'bhansillbb','Faratsiho'),(409,'frapabc','Baleagung'),(410,'awieldbd','Lincoln'),(411,'cdeackesbe','Bačka Palanka'),(412,'mcrawshawbf','Buayan'),(413,'jtarbornbg','Zhongbao'),(414,'lrismanbh','Zheshart'),(415,'uvlachbi','Yukhnov'),(416,'amcfadzeanbj','Kawangu Satu'),(417,'telsmerebk','Lucma'),(418,'bollerearnshawbl','Jieyang'),(419,'kyvensbm','Suishan'),(420,'mwillimotbn','Älvdalen'),(421,'tfullardbo','Talawakele'),(422,'dgendrichbp','Sundbyberg'),(423,'jdebruynebq','Liping'),(424,'cvibertbr','Sokol’niki'),(425,'kericssenbs','Bayombong'),(426,'mbrewittbt','Hantsport'),(427,'nstoakesbu','Waepau'),(428,'bebertzbv','Karanganyar'),(429,'dvanarsdalebw','Chongxing'),(430,'gfantebx','Marcovia'),(431,'rcredlandby','\'s-Hertogenbosch'),(432,'icaneybz','Montgomery'),(433,'vlinnardc0','Medaya'),(434,'pkiftc1','Cedar Rapids'),(435,'mbaldacchinoc2','Magistral’nyy'),(436,'kbalasinic3','Wenwuba'),(437,'rmarjoribanksc4','Ararat'),(438,'aflewanc5','Eloy Alfaro'),(439,'jgrassickc6','Vyshneye Dolgoye'),(440,'cdowdlec7','Budapest'),(441,'wtounc8','Varazqān'),(442,'wspellwardc9','Francisco I Madero'),(443,'ntwentymanca','Kalidawe'),(444,'ydaverscb','Kafr Takhārīm'),(445,'mpetracchicc','Ewarton'),(446,'dconnercd','Yixingfu'),(447,'abeekence','Vrachnaíika'),(448,'tbramhamcf','Manzë'),(449,'renstencg','Ust’-Izhora'),(450,'rstiggersch','Santa Quitéria do Maranhão'),(451,'vhoverci','Paciran'),(452,'fboultoncj','Marathon'),(453,'lgoburnck','Simo Satu'),(454,'jmarkoviccl','Praia de Mira'),(455,'asealcm','Sabang'),(456,'irelfecn','Liutangting'),(457,'ddayneco','Jiangchuanlu'),(458,'nburdittcp','Mastaiciai'),(459,'sbenesevichcq','Sagay'),(460,'arosiellocr','Kitami'),(461,'acassellscs','Caçapava do Sul'),(462,'kgregoriouct','Tsumeb'),(463,'mwhittekcu','Tinambac'),(464,'fgibbinscv','Pepe'),(465,'jdeblasecw','Xingfu'),(466,'dshimwellcx','Yiwa'),(467,'gbraysoncy','Caringin'),(468,'bcammomilecz','Tama'),(469,'relbyd0','Mberubu'),(470,'pfidlerd1','Lubichowo'),(471,'boilierd2','Évry'),(472,'afreathyd3','Dashkawka'),(473,'vlanted4','Alkmaar'),(474,'dperched5','Mahong'),(475,'aazemad6','Iraray'),(476,'kjeakinsd7','Dobryanka'),(477,'okilleleyd8','Rimpeso'),(478,'elinfieldd9','Altay sumu'),(479,'cpitherda','Bi’r al Ḩufayy'),(480,'mwhitehalldb','Grazhdanka'),(481,'ncushiondc','Brudzeń Duży'),(482,'mclaricoatsdd','Waco'),(483,'jwillcockde','Meybod'),(484,'mroufdf','Borok'),(485,'cnayshedg','São Sebastião'),(486,'jcarltondh','Manzë'),(487,'vscamerdendi','Lakshmīpur'),(488,'mgatesmandj','Ibiá'),(489,'vhanlondk','Göteborg'),(490,'fjahnischdl','Shuangzhong'),(491,'mhuddydm','Guantang'),(492,'ldampierdn','Poxi'),(493,'jcapenerdo','Santiago'),(494,'bmcpheatdp','Kawangu Satu'),(495,'rwrinchdq','Novosmolinskiy'),(496,'ijanusikdr','Rancabuaya'),(497,'mmcfaddends','Qorao’zak'),(498,'jsimdt','Konza'),(499,'alevingedu','Mungo'),(500,'acogleydv','Domoni');
/*!40000 ALTER TABLE `customer` ENABLE KEYS */;
UNLOCK TABLES;

--
-- Table structure for table `customer_fav_item`
--

DROP TABLE IF EXISTS `customer_fav_item`;
/*!40101 SET @saved_cs_client     = @@character_set_client */;
/*!50503 SET character_set_client = utf8mb4 */;
CREATE TABLE `customer_fav_item` (
  `customer_id` int NOT NULL,
  `item_id` int NOT NULL,
  PRIMARY KEY (`customer_id`,`item_id`),
  KEY `customer_fav_item_id_fk` (`item_id`),
  CONSTRAINT `customer_fav_customer_id_fk` FOREIGN KEY (`customer_id`) REFERENCES `customer` (`id`),
  CONSTRAINT `customer_fav_item_id_fk` FOREIGN KEY (`item_id`) REFERENCES `item` (`id`)
) ENGINE=InnoDB DEFAULT CHARSET=utf8mb4 COLLATE=utf8mb4_0900_ai_ci;
/*!40101 SET character_set_client = @saved_cs_client */;

--
-- Dumping data for table `customer_fav_item`
--

LOCK TABLES `customer_fav_item` WRITE;
/*!40000 ALTER TABLE `customer_fav_item` DISABLE KEYS */;
INSERT INTO `customer_fav_item` VALUES (19,1),(27,1),(28,1),(34,1),(128,1),(130,1),(131,1),(134,1),(211,1),(390,1),(9,2),(22,2),(28,2),(29,2),(57,2),(77,2),(79,2),(93,2),(127,2),(199,2),(431,2),(31,3),(32,3),(40,3),(51,3),(64,3),(78,3),(82,3),(85,3),(100,3),(105,3),(125,3),(148,3),(161,3),(200,3),(213,3),(308,3),(309,3),(365,3),(47,4),(92,4),(96,4),(100,4),(104,4),(113,4),(127,4),(140,4),(185,4),(452,4),(468,4),(7,5),(15,5),(65,5),(69,5),(70,5),(81,5),(84,5),(127,5),(139,5),(150,5),(174,5),(183,5),(247,5),(343,5),(350,5),(463,5),(486,5),(6,6),(44,6),(62,6),(76,6),(78,6),(79,6),(103,6),(160,6),(161,6),(165,6),(180,6),(331,6),(363,6),(374,6),(441,6),(31,7),(48,7),(89,7),(101,7),(118,7),(120,7),(174,7),(182,7),(191,7),(235,7),(15,8),(28,8),(29,8),(39,8),(59,8),(78,8),(141,8),(169,8),(173,8),(186,8),(281,8),(492,8),(20,9),(77,9),(79,9),(127,9),(139,9),(144,9),(150,9),(154,9),(195,9),(199,9),(441,9),(465,9),(477,9),(7,10),(12,10),(95,10),(99,10),(107,10),(112,10),(117,10),(137,10),(417,10),(15,11),(24,11),(46,11),(56,11),(93,11),(99,11),(103,11),(104,11),(117,11),(133,11),(140,11),(143,11),(192,11),(326,11),(1,12),(34,12),(51,12),(79,12),(81,12),(101,12),(126,12),(147,12),(167,12),(185,12),(334,12),(465,12),(18,13),(21,13),(48,13),(54,13),(83,13),(87,13),(90,13),(166,13),(172,13),(173,13),(176,13),(190,13),(266,13),(360,13),(493,13),(25,14),(26,14),(123,14),(146,14),(148,14),(152,14),(167,14),(181,14),(187,14),(191,14),(256,14),(313,14),(377,14),(420,14),(458,14),(11,15),(43,15),(46,15),(56,15),(58,15),(60,15),(62,15),(81,15),(84,15),(85,15),(115,15),(135,15),(158,15),(170,15),(185,15),(369,15),(386,15),(477,15),(28,16),(42,16),(48,16),(51,16),(86,16),(108,16),(130,16),(142,16),(151,16),(197,16),(209,16),(297,16),(311,16),(318,16),(320,16),(495,16),(76,17),(83,17),(87,17),(106,17),(131,17),(145,17),(148,17),(162,17),(175,17),(181,17),(186,17),(5,18),(15,18),(23,18),(35,18),(72,18),(84,18),(129,18),(152,18),(154,18),(157,18),(179,18),(371,18),(439,18),(6,19),(9,19),(17,19),(19,19),(25,19),(55,19),(76,19),(77,19),(97,19),(102,19),(132,19),(138,19),(187,19),(29,20),(31,20),(32,20),(33,20),(35,20),(77,20),(119,20),(121,20),(143,20),(148,20),(159,20),(265,20),(411,20),(449,20),(461,20),(53,21),(82,21),(110,21),(111,21),(120,21),(148,21),(150,21),(155,21),(184,21),(305,21),(16,22),(19,22),(36,22),(39,22),(51,22),(55,22),(57,22),(64,22),(74,22),(118,22),(120,22),(121,22),(122,22),(137,22),(141,22),(151,22),(155,22),(189,22),(200,22),(215,22),(473,22),(475,22),(476,22),(3,23),(21,23),(23,23),(44,23),(46,23),(47,23),(109,23),(115,23),(126,23),(140,23),(187,23),(192,23),(194,23),(195,23),(257,23),(325,23),(378,23),(21,24),(33,24),(37,24),(57,24),(118,24),(152,24),(164,24),(184,24),(185,24),(189,24),(413,24),(11,25),(66,25),(74,25),(77,25),(86,25),(94,25),(115,25),(116,25),(175,25),(339,25),(36,26),(39,26),(40,26),(76,26),(78,26),(82,26),(84,26),(179,26),(189,26),(210,26),(213,26),(220,26),(379,26),(33,27),(40,27),(52,27),(53,27),(63,27),(71,27),(112,27),(127,27),(134,27),(137,27),(191,27),(220,27),(224,27),(241,27),(247,27),(23,28),(33,28),(49,28),(72,28),(90,28),(92,28),(100,28),(107,28),(109,28),(144,28),(146,28),(160,28),(179,28),(216,28),(253,28),(255,28),(28,29),(32,29),(34,29),(44,29),(56,29),(129,29),(152,29),(167,29),(249,29),(276,29),(482,29),(31,30),(54,30),(56,30),(140,30),(144,30),(147,30),(153,30),(221,30),(351,30),(477,30),(498,30),(8,31),(49,31),(74,31),(79,31),(97,31),(128,31),(141,31),(218,31),(40,32),(78,32),(115,32),(118,32),(129,32),(136,32),(160,32),(167,32),(170,32),(181,32),(200,32),(448,32),(7,33),(10,33),(36,33),(52,33),(53,33),(58,33),(65,33),(116,33),(135,33),(155,33),(195,33),(256,33),(404,33),(42,34),(53,34),(77,34),(123,34),(186,34),(188,34),(330,34),(366,34),(459,34),(9,35),(16,35),(28,35),(31,35),(34,35),(36,35),(41,35),(71,35),(85,35),(92,35),(140,35),(145,35),(172,35),(176,35),(203,35),(222,35),(253,35),(372,35),(391,35),(19,36),(21,36),(32,36),(35,36),(92,36),(135,36),(149,36),(167,36),(192,36),(234,36),(484,36),(13,37),(22,37),(29,37),(49,37),(58,37),(86,37),(93,37),(96,37),(111,37),(116,37),(124,37),(128,37),(131,37),(154,37),(166,37),(168,37),(176,37),(188,37),(193,37),(228,37),(256,37),(282,37),(2,38),(19,38),(50,38),(115,38),(184,38),(191,38),(214,38),(21,39),(40,39),(43,39),(78,39),(98,39),(110,39),(112,39),(175,39),(181,39),(185,39),(190,39),(288,39),(409,39),(8,40),(9,40),(17,40),(41,40),(91,40),(98,40),(112,40),(135,40),(168,40),(180,40),(200,40),(299,40),(387,40),(394,40),(418,40),(15,41),(18,41),(42,41),(128,41),(139,41),(239,41),(266,41),(441,41),(14,42),(15,42),(77,42),(84,42),(107,42),(109,42),(116,42),(139,42),(172,42),(185,42),(199,42),(242,42),(312,42),(414,42),(18,43),(21,43),(29,43),(56,43),(63,43),(90,43),(95,43),(128,43),(153,43),(163,43),(167,43),(171,43),(299,43),(307,43),(346,43),(3,44),(32,44),(41,44),(71,44),(75,44),(76,44),(81,44),(103,44),(113,44),(137,44),(141,44),(146,44),(165,44),(173,44),(189,44),(266,44),(382,44),(415,44),(5,45),(9,45),(46,45),(47,45),(51,45),(62,45),(81,45),(88,45),(106,45),(130,45),(137,45),(186,45),(23,46),(39,46),(90,46),(100,46),(101,46),(141,46),(186,46),(194,46),(407,46),(18,47),(22,47),(31,47),(32,47),(87,47),(91,47),(153,47),(175,47),(192,47),(324,47),(357,47),(470,47),(48,48),(74,48),(128,48),(129,48),(132,48),(134,48),(168,48),(184,48),(194,48),(463,48),(483,48),(1,49),(7,49),(10,49),(22,49),(25,49),(35,49),(42,49),(53,49),(80,49),(103,49),(113,49),(150,49),(154,49),(159,49),(165,49),(175,49),(197,49),(200,49),(323,49),(345,49),(417,49),(11,50),(21,50),(33,50),(42,50),(106,50),(145,50),(156,50),(160,50),(179,50),(38,51),(69,51),(102,51),(114,51),(115,51),(135,51),(154,51),(188,51),(189,51),(253,51),(286,51),(395,51),(483,51),(1,52),(11,52),(16,52),(20,52),(25,52),(52,52),(61,52),(87,52),(98,52),(115,52),(120,52),(162,52),(184,52),(219,52),(228,52),(325,52),(410,52),(19,53),(33,53),(56,53),(76,53),(86,53),(96,53),(120,53),(135,53),(144,53),(181,53),(225,53),(333,53),(347,53),(441,53),(468,53),(477,53),(18,54),(30,54),(54,54),(58,54),(73,54),(101,54),(114,54),(127,54),(155,54),(181,54),(190,54),(200,54),(224,54),(233,54),(282,54),(303,54),(334,54),(31,55),(119,55),(121,55),(122,55),(142,55),(157,55),(166,55),(182,55),(406,55),(464,55),(53,56),(95,56),(106,56),(134,56),(154,56),(157,56),(181,56),(438,56),(472,56),(4,57),(15,57),(21,57),(27,57),(30,57),(72,57),(76,57),(94,57),(120,57),(153,57),(162,57),(194,57),(365,57),(26,58),(41,58),(54,58),(74,58),(93,58),(103,58),(120,58),(135,58),(152,58),(158,58),(163,58),(166,58),(189,58),(193,58),(434,58),(467,58),(16,59),(24,59),(26,59),(40,59),(47,59),(59,59),(61,59),(65,59),(94,59),(124,59),(126,59),(295,59),(333,59),(362,59),(454,59),(5,60),(26,60),(54,60),(64,60),(77,60),(95,60),(107,60),(130,60),(157,60),(158,60),(196,60),(336,60),(485,60),(43,61),(65,61),(72,61),(75,61),(76,61),(88,61),(96,61),(97,61),(108,61),(118,61),(178,61),(188,61),(273,61),(478,61),(39,62),(48,62),(73,62),(86,62),(89,62),(97,62),(139,62),(151,62),(165,62),(181,62),(192,62),(281,62),(407,62),(478,62),(4,63),(35,63),(82,63),(88,63),(92,63),(93,63),(116,63),(125,63),(131,63),(139,63),(150,63),(191,63),(199,63),(203,63),(205,63),(415,63),(28,64),(56,64),(69,64),(79,64),(113,64),(130,64),(132,64),(165,64),(184,64),(186,64),(195,64),(198,64),(256,64),(280,64),(11,65),(80,65),(81,65),(103,65),(122,65),(123,65),(126,65),(138,65),(146,65),(156,65),(166,65),(199,65),(304,65),(461,65),(9,66),(12,66),(26,66),(28,66),(37,66),(56,66),(109,66),(132,66),(139,66),(150,66),(157,66),(166,66),(175,66),(445,66),(54,67),(89,67),(93,67),(113,67),(127,67),(149,67),(172,67),(182,67),(184,67),(185,67),(264,67),(411,67),(6,68),(7,68),(12,68),(18,68),(32,68),(37,68),(60,68),(62,68),(68,68),(74,68),(97,68),(140,68),(153,68),(171,68),(363,68),(2,69),(7,69),(9,69),(13,69),(26,69),(29,69),(54,69),(67,69),(69,69),(71,69),(121,69),(132,69),(163,69),(193,69),(196,69),(229,69),(304,69),(431,69),(4,70),(18,70),(37,70),(44,70),(47,70),(54,70),(78,70),(88,70),(103,70),(123,70),(158,70),(160,70),(198,70),(372,70),(451,70),(7,71),(34,71),(59,71),(65,71),(77,71),(80,71),(117,71),(118,71),(128,71),(174,71),(197,71),(214,71),(263,71),(309,71),(351,71),(3,72),(8,72),(64,72),(88,72),(102,72),(131,72),(135,72),(150,72),(174,72),(194,72),(345,72),(17,73),(30,73),(31,73),(71,73),(72,73),(74,73),(132,73),(133,73),(145,73),(164,73),(166,73),(190,73),(195,73),(365,73),(3,74),(23,74),(24,74),(59,74),(64,74),(82,74),(99,74),(123,74),(131,74),(143,74),(146,74),(168,74),(286,74),(316,74),(10,75),(57,75),(59,75),(79,75),(81,75),(109,75),(130,75),(140,75),(168,75),(171,75),(175,75),(368,75),(455,75),(477,75),(17,76),(18,76),(20,76),(22,76),(37,76),(45,76),(68,76),(75,76),(100,76),(111,76),(119,76),(150,76),(168,76),(186,76),(196,76),(376,76),(5,77),(22,77),(34,77),(76,77),(112,77),(186,77),(190,77),(298,77),(310,77),(434,77),(6,78),(23,78),(25,78),(84,78),(179,78),(189,78),(228,78),(333,78),(353,78),(461,78),(7,79),(72,79),(99,79),(102,79),(121,79),(124,79),(143,79),(148,79),(191,79),(193,79),(430,79),(16,80),(19,80),(24,80),(47,80),(72,80),(84,80),(115,80),(126,80),(163,80),(166,80),(171,80),(181,80),(206,80),(240,80),(22,81),(45,81),(62,81),(86,81),(93,81),(98,81),(140,81),(162,81),(178,81),(184,81),(191,81),(259,81),(393,81),(436,81),(8,82),(18,82),(20,82),(58,82),(75,82),(85,82),(99,82),(167,82),(190,82),(192,82),(249,82),(280,82),(345,82),(359,82),(28,83),(32,83),(35,83),(37,83),(56,83),(94,83),(97,83),(99,83),(138,83),(155,83),(158,83),(161,83),(186,83),(188,83),(193,83),(197,83),(285,83),(491,83),(12,84),(64,84),(84,84),(89,84),(118,84),(131,84),(139,84),(141,84),(145,84),(154,84),(157,84),(175,84),(177,84),(180,84),(190,84),(9,85),(13,85),(40,85),(46,85),(59,85),(81,85),(93,85),(131,85),(170,85),(199,85),(228,85),(306,85),(311,85),(328,85),(331,85),(350,85),(455,85),(19,86),(33,86),(39,86),(89,86),(102,86),(113,86),(123,86),(130,86),(133,86),(155,86),(169,86),(303,86),(415,86),(458,86),(12,87),(21,87),(42,87),(45,87),(71,87),(74,87),(92,87),(109,87),(127,87),(180,87),(193,87),(365,87),(390,87),(2,88),(19,88),(21,88),(27,88),(32,88),(34,88),(49,88),(68,88),(86,88),(122,88),(129,88),(139,88),(190,88),(196,88),(274,88),(280,88),(281,88),(333,88),(4,89),(18,89),(38,89),(40,89),(83,89),(97,89),(116,89),(129,89),(192,89),(194,89),(291,89),(325,89),(6,90),(59,90),(93,90),(119,90),(139,90),(148,90),(156,90),(157,90),(196,90),(223,90),(338,90),(15,91),(18,91),(80,91),(88,91),(89,91),(105,91),(133,91),(143,91),(153,91),(171,91),(196,91),(197,91),(198,91),(365,91),(432,91),(16,92),(37,92),(63,92),(80,92),(106,92),(118,92),(124,92),(128,92),(130,92),(146,92),(155,92),(172,92),(186,92),(196,92),(197,92),(330,92),(376,92),(390,92),(411,92),(462,92),(6,93),(9,93),(13,93),(25,93),(67,93),(71,93),(92,93),(94,93),(106,93),(125,93),(153,93),(157,93),(162,93),(176,93),(196,93),(198,93),(316,93),(367,93),(395,93),(19,94),(50,94),(52,94),(60,94),(70,94),(86,94),(107,94),(127,94),(128,94),(137,94),(138,94),(173,94),(184,94),(190,94),(336,94),(24,95),(68,95),(89,95),(97,95),(120,95),(135,95),(141,95),(165,95),(478,95),(8,96),(13,96),(17,96),(31,96),(57,96),(76,96),(104,96),(161,96),(163,96),(164,96),(172,96),(206,96),(310,96),(5,97),(7,97),(71,97),(73,97),(90,97),(97,97),(139,97),(142,97),(165,97),(176,97),(182,97),(266,97),(357,97),(10,98),(66,98),(68,98),(83,98),(86,98),(95,98),(130,98),(137,98),(139,98),(155,98),(163,98),(178,98),(185,98),(195,98),(435,98),(3,99),(10,99),(21,99),(42,99),(91,99),(96,99),(98,99),(131,99),(137,99),(143,99),(164,99),(172,99),(175,99),(184,99),(186,99),(188,99),(195,99),(287,99),(405,99),(416,99),(63,100),(68,100),(81,100),(126,100),(141,100),(186,100),(188,100),(236,100),(246,100),(293,100),(284,101),(427,101),(68,102),(175,102),(217,102),(340,102),(430,102),(106,103),(167,103),(375,103),(86,104),(212,104),(256,104),(351,104),(353,104),(41,105),(153,105),(338,105),(47,106),(411,106),(413,106),(103,107),(308,107),(309,107),(431,107),(446,107),(42,109),(84,109),(164,109),(189,109),(383,109),(452,109),(499,109),(178,110),(185,110),(417,110),(27,111),(46,111),(81,111),(112,111),(336,111),(353,111),(439,111),(471,111),(160,112),(349,112),(391,112),(413,112),(468,112),(162,113),(230,113),(288,113),(73,114),(265,114),(426,114),(191,116),(216,116),(233,116),(259,116),(278,116),(279,116),(410,116),(17,117),(133,117),(138,117),(227,117),(276,117),(469,117),(484,117),(49,118),(68,118),(123,118),(315,118),(465,118),(136,119),(178,119),(351,119),(385,119),(3,120),(104,120),(370,120),(158,121),(299,121),(404,121),(466,121),(178,122),(263,122),(477,122),(145,123),(287,123),(344,123),(383,123),(389,123),(469,123),(479,123),(263,124),(362,124),(428,124),(432,124),(433,124),(451,124),(158,125),(182,125),(191,125),(236,125),(319,125),(372,125),(31,126),(127,126),(306,126),(498,126),(45,127),(326,127),(404,127),(330,128),(421,128),(479,128),(83,129),(181,129),(368,129),(476,129),(427,130),(168,131),(396,131),(192,132),(244,132),(403,132),(90,133),(227,133),(307,133),(411,133),(449,133),(40,134),(348,134),(414,134),(437,134),(446,134),(202,135),(444,135),(208,136),(243,136),(295,136),(359,136),(422,137),(193,138),(103,139),(318,139),(500,140),(127,141),(414,141),(440,141),(482,141),(67,142),(136,142),(267,142),(297,142),(367,142),(388,142),(484,142),(150,144),(154,144),(163,145),(205,145),(378,145),(1,146),(61,147),(78,147),(218,147),(350,147),(14,148),(107,148),(108,148),(194,148),(287,148),(435,148),(437,148),(104,149),(162,149),(260,149),(328,149),(347,149),(106,150),(290,150),(315,150),(378,150),(162,151),(291,151),(354,151),(367,151),(439,151),(448,151),(116,152),(130,152),(150,152),(307,152),(350,152),(467,152),(189,153),(205,153),(358,153),(398,153),(138,154),(282,154),(288,154),(412,154),(77,155),(240,155),(440,155),(468,155),(39,156),(96,156),(210,156),(213,156),(251,156),(316,156),(357,156),(130,157),(299,157),(461,157),(476,157),(441,158),(146,159),(277,159),(428,159),(450,159),(116,160),(218,160),(345,160),(377,160),(482,160),(496,160),(38,161),(69,161),(138,161),(139,161),(176,161),(408,161),(90,162),(105,162),(180,162),(278,162),(334,162),(343,162),(405,162),(456,162),(51,163),(162,163),(331,163),(380,163),(416,163),(71,164),(72,164),(252,164),(414,164),(53,165),(61,165),(189,165),(213,165),(228,165),(245,165),(299,165),(443,165),(490,165),(17,166),(126,166),(379,166),(254,167),(403,167),(495,167),(208,168),(291,168),(334,168),(465,168),(382,169),(409,169),(487,169),(51,170),(455,170),(48,171),(188,171),(294,171),(41,172),(55,172),(296,172),(50,173),(54,173),(193,173),(253,173),(352,173),(340,174),(485,174),(191,175),(263,175),(349,175),(207,176),(452,176),(48,177),(85,177),(245,177),(393,177),(76,178),(331,178),(333,178),(19,179),(242,179),(431,179),(481,179),(152,180),(349,180),(19,181),(31,181),(282,181),(52,183),(172,183),(298,183),(246,184),(387,184),(407,184),(499,184),(109,185),(224,185),(452,185),(473,185),(32,186),(46,186),(183,186),(424,186),(94,187),(200,187),(434,187),(14,188),(118,188),(246,188),(271,188),(297,188),(343,188),(377,188),(481,188),(17,189),(125,189),(146,189),(171,189),(320,189),(415,189),(443,189),(482,189),(17,190),(87,190),(203,190),(279,190),(441,190),(460,190),(13,191),(93,191),(163,191),(232,191),(283,191),(410,191),(464,191),(108,192),(476,192),(126,193),(286,193),(107,194),(157,194),(250,194),(351,194),(364,194),(189,195),(50,196),(91,196),(275,196),(276,196),(380,196),(20,197),(157,197),(66,198),(196,198),(265,198),(450,198),(459,198),(468,198),(470,198),(120,199),(147,199),(166,199),(444,199),(83,200),(359,200),(179,201),(276,201),(470,201),(18,202),(20,202),(103,203),(250,203),(120,204),(151,204),(310,204),(56,205),(93,205),(454,205),(89,206),(448,206),(489,206),(297,207),(29,208),(35,208),(109,208),(246,208),(367,208),(126,209),(161,209),(314,209),(402,209),(419,209),(468,209),(495,209),(44,210),(175,210),(379,210),(450,210),(55,211),(57,211),(73,211),(313,211),(434,211),(447,211),(18,212),(30,212),(85,212),(240,212),(383,212),(100,213),(215,213),(340,213),(61,214),(148,214),(328,214),(86,215),(111,215),(271,215),(450,215),(482,215),(51,216),(117,216),(166,216),(274,216),(279,216),(383,216),(397,216),(129,217),(132,217),(198,217),(445,217),(456,217),(21,218),(146,218),(42,219),(127,219),(147,219),(160,219),(279,219),(297,219),(321,219),(345,219),(431,219),(65,220),(101,220),(152,220),(169,220),(217,220),(421,220),(493,220),(496,220),(132,221),(207,221),(246,221),(270,221),(394,221),(455,221),(196,222),(361,222),(385,222),(240,223),(448,223),(182,224),(187,224),(208,224),(309,224),(463,224),(41,225),(244,225),(102,226),(265,226),(357,226),(61,227),(100,227),(51,228),(170,228),(498,228),(173,229),(333,229),(404,229),(494,229),(25,230),(28,230),(90,230),(211,230),(92,231),(270,231),(290,231),(321,231),(464,231),(283,232),(179,233),(246,233),(342,233),(383,233),(272,234),(423,236),(324,237),(416,237),(462,237),(481,237),(53,238),(57,238),(120,238),(376,238),(160,239),(297,239),(476,239),(168,240),(181,240),(287,240),(310,240),(395,240),(234,241),(188,242),(479,242),(115,243),(153,243),(332,243),(17,244),(461,244),(281,245),(42,246),(226,246),(311,246),(57,247),(100,247),(195,247),(196,247),(375,247),(460,247),(474,247),(220,248),(253,248),(256,248),(365,248),(399,248),(110,249),(62,250),(67,250),(82,250),(107,250),(416,250),(423,250),(439,250),(71,251),(79,251),(133,251),(148,251),(169,251),(349,251),(379,251),(397,251),(111,252),(299,252),(390,252),(112,253),(148,253),(454,253),(8,254),(143,254),(208,254),(248,254),(263,254),(264,254),(370,254),(405,254),(400,255),(413,255),(252,256),(285,256),(326,256),(369,256),(465,256),(475,256),(94,257),(331,257),(419,257),(242,258),(362,258),(442,258),(466,258),(476,258),(233,259),(310,259),(466,259),(139,260),(161,260),(192,260),(302,260),(385,260),(26,261),(252,261),(358,261),(491,261),(65,262),(140,262),(179,262),(332,262),(476,262),(484,262),(108,263),(262,263),(264,263),(485,263),(157,265),(158,265),(371,265),(81,266),(121,266),(138,266),(222,266),(351,266),(398,266),(477,266),(479,266),(493,266),(68,267),(104,267),(142,267),(335,267),(314,268),(388,268),(400,268),(7,269),(33,269),(169,269),(273,269),(282,269),(438,269),(142,270),(255,270),(388,271),(43,272),(147,272),(275,272),(427,272),(442,272),(87,273),(237,273),(421,273),(25,274),(270,274),(395,274),(56,275),(174,275),(347,275),(365,275),(497,275),(98,276),(160,276),(437,276),(90,277),(143,277),(361,277),(83,278),(397,278),(433,278),(174,279),(350,279),(138,280),(149,280),(285,280),(287,280),(427,280),(469,280),(11,281),(51,281),(454,281),(1,282),(95,282),(454,282),(467,282),(91,283),(136,283),(329,283),(417,283),(241,284),(325,284),(344,284),(490,284),(33,285),(49,285),(372,285),(500,285),(367,286),(445,286),(197,287),(334,287),(352,287),(380,287),(437,287),(477,287),(55,288),(121,288),(133,288),(444,288),(484,288),(51,289),(108,289),(236,289),(358,289),(5,290),(26,290),(204,290),(415,290),(462,290),(387,291),(39,292),(56,292),(94,292),(113,292),(172,292),(189,292),(405,292),(447,292),(467,292),(77,293),(402,293),(44,294),(51,294),(224,294),(248,294),(307,294),(437,294),(493,294),(105,295),(356,295),(185,296),(394,296),(414,296),(485,296),(144,297),(442,297),(88,298),(372,298),(43,299),(181,299),(24,300),(77,300),(138,300),(143,300),(145,300),(175,300),(195,300),(275,300),(281,300),(383,300),(424,300),(77,301),(105,301),(152,301),(177,301),(189,301),(220,301),(245,301),(307,301),(309,301),(323,301),(340,301),(355,301),(401,301),(411,301),(474,301),(32,302),(122,302),(219,302),(273,302),(306,302),(322,302),(383,302),(411,302),(491,302),(107,303),(144,303),(154,303),(225,303),(256,303),(270,303),(330,303),(411,303),(437,303),(456,303),(500,303),(120,304),(400,304),(429,304),(464,304),(9,305),(23,305),(115,305),(145,305),(154,305),(164,305),(166,305),(197,305),(272,305),(305,305),(315,305),(372,305),(404,305),(123,306),(135,306),(136,306),(204,306),(220,306),(256,306),(325,306),(365,306),(477,306),(124,307),(315,307),(325,307),(381,307),(419,307),(453,307),(24,308),(116,308),(127,308),(159,308),(161,308),(166,308),(241,308),(294,308),(413,308),(44,309),(45,309),(50,309),(121,309),(123,309),(212,309),(222,309),(286,309),(307,309),(378,309),(393,309),(464,309),(484,309),(20,310),(83,310),(252,310),(294,310),(313,310),(400,310),(438,310),(447,310),(126,311),(164,311),(174,311),(175,311),(182,311),(245,311),(300,311),(302,311),(311,311),(388,311),(98,312),(310,312),(311,312),(352,312),(369,312),(396,312),(441,312),(490,312),(173,313),(189,313),(251,313),(256,313),(279,313),(312,313),(333,313),(373,313),(375,313),(389,313),(403,313),(129,314),(198,314),(213,314),(286,314),(316,314),(337,314),(364,314),(370,314),(478,314),(140,315),(145,315),(199,315),(205,315),(248,315),(273,315),(110,316),(123,316),(149,316),(265,316),(324,316),(349,316),(413,316),(438,316),(457,316),(7,317),(21,317),(151,317),(237,317),(300,317),(344,317),(359,317),(407,317),(416,317),(441,317),(483,317),(4,318),(162,318),(343,318),(413,318),(417,318),(424,318),(489,318),(109,319),(118,319),(125,319),(154,319),(176,319),(183,319),(226,319),(360,319),(397,319),(444,319),(59,320),(168,320),(261,320),(355,320),(358,320),(376,320),(395,320),(107,321),(164,321),(166,321),(242,321),(282,321),(302,321),(329,321),(331,321),(50,322),(123,322),(147,322),(225,322),(374,322),(400,322),(409,322),(481,322),(65,323),(117,323),(126,323),(293,323),(392,323),(437,323),(121,324),(127,324),(266,324),(327,324),(351,324),(396,324),(114,325),(207,325),(208,325),(276,325),(376,325),(385,325),(388,325),(411,325),(125,326),(158,326),(195,326),(267,326),(295,326),(355,326),(390,326),(412,326),(414,326),(449,326),(68,327),(107,327),(179,327),(345,327),(420,327),(499,327),(28,328),(74,328),(158,328),(167,328),(255,328),(284,328),(291,328),(333,328),(442,328),(481,328),(2,329),(171,329),(306,329),(340,329),(411,329),(444,329),(476,329),(145,330),(277,330),(286,330),(305,330),(309,330),(328,330),(363,330),(388,330),(464,330),(100,331),(183,331),(198,331),(217,331),(279,331),(460,331),(218,332),(237,332),(265,332),(326,332),(152,333),(159,333),(269,333),(321,333),(463,333),(470,333),(472,333),(28,334),(156,334),(186,334),(258,334),(286,334),(302,334),(337,334),(386,334),(459,334),(486,334),(19,335),(123,335),(174,335),(179,335),(214,335),(263,335),(362,335),(383,335),(395,335),(429,335),(236,336),(315,336),(345,336),(392,336),(402,336),(417,336),(465,336),(28,337),(141,337),(316,337),(321,337),(323,337),(460,337),(64,338),(117,338),(185,338),(226,338),(256,338),(382,338),(396,338),(407,338),(445,338),(162,339),(273,339),(289,339),(399,339),(493,339),(105,340),(113,340),(148,340),(159,340),(212,340),(264,340),(324,340),(395,340),(399,340),(407,340),(439,340),(458,340),(460,340),(480,340),(89,341),(153,341),(223,341),(271,341),(345,341),(459,341),(462,341),(464,341),(12,342),(51,342),(244,342),(256,342),(308,342),(414,342),(196,343),(211,343),(335,343),(111,344),(191,344),(252,344),(413,344),(434,344),(436,344),(444,344),(470,344),(499,344),(74,345),(167,345),(221,345),(227,345),(232,345),(239,345),(398,345),(429,345),(132,346),(149,346),(373,346),(388,346),(435,346),(438,346),(87,347),(207,347),(236,347),(245,347),(257,347),(258,347),(264,347),(290,347),(293,347),(316,347),(341,347),(442,347),(453,347),(490,347),(492,347),(16,348),(129,348),(151,348),(156,348),(300,348),(306,348),(334,348),(358,348),(362,348),(383,348),(408,348),(417,348),(51,349),(122,349),(276,349),(323,349),(380,349),(389,349),(476,349),(498,349),(500,349),(61,350),(122,350),(125,350),(133,350),(213,350),(286,350),(299,350),(333,350),(386,350),(449,350),(120,351),(129,351),(169,351),(196,351),(203,351),(250,351),(325,351),(374,351),(380,351),(56,352),(58,352),(81,352),(182,352),(446,352),(467,352),(497,352),(110,353),(121,353),(130,353),(204,353),(241,353),(317,353),(479,353),(500,353),(52,354),(162,354),(203,354),(204,354),(217,354),(225,354),(323,354),(339,354),(343,354),(359,354),(379,354),(444,354),(478,354),(495,354),(147,355),(202,355),(203,355),(233,355),(351,355),(364,355),(424,355),(438,355),(71,356),(127,356),(130,356),(162,356),(314,356),(315,356),(376,356),(379,356),(466,356),(484,356),(116,357),(129,357),(150,357),(214,357),(216,357),(246,357),(315,357),(379,357),(385,357),(402,357),(477,357),(38,358),(124,358),(315,358),(489,358),(500,358),(51,359),(113,359),(118,359),(175,359),(208,359),(355,359),(497,359),(167,360),(240,360),(353,360),(399,360),(411,360),(450,360),(465,360),(107,361),(125,361),(155,361),(262,361),(276,361),(292,361),(379,361),(397,361),(401,361),(456,361),(478,361),(257,362),(286,362),(307,362),(401,362),(489,362),(35,363),(65,363),(152,363),(216,363),(234,363),(243,363),(335,363),(347,363),(352,363),(381,363),(453,363),(41,364),(279,364),(305,364),(343,364),(412,364),(62,365),(64,365),(191,365),(228,365),(269,365),(282,365),(294,365),(316,365),(356,365),(444,365),(34,366),(49,366),(59,366),(162,366),(239,366),(381,366),(427,366),(146,367),(152,367),(178,367),(202,367),(212,367),(392,367),(397,367),(423,367),(476,367),(53,368),(125,368),(158,368),(162,368),(232,368),(234,368),(347,368),(354,368),(391,368),(492,368),(500,368),(39,369),(41,369),(87,369),(123,369),(186,369),(232,369),(321,369),(331,369),(398,369),(427,369),(464,369),(31,370),(52,370),(60,370),(137,370),(140,370),(145,370),(192,370),(229,370),(295,370),(299,370),(330,370),(369,370),(491,370),(492,370),(37,371),(146,371),(162,371),(213,371),(232,371),(278,371),(300,371),(403,371),(410,371),(441,371),(135,372),(252,372),(271,372),(343,372),(357,372),(389,372),(406,372),(486,372),(51,373),(53,373),(243,373),(249,373),(319,373),(366,373),(387,373),(426,373),(454,373),(140,374),(227,374),(249,374),(265,374),(322,374),(347,374),(371,374),(33,375),(140,375),(145,375),(194,375),(195,375),(231,375),(302,375),(335,375),(371,375),(397,375),(429,375),(431,375),(462,375),(469,375),(134,376),(158,376),(163,376),(170,376),(206,376),(241,376),(260,376),(281,376),(301,376),(330,376),(349,376),(398,376),(400,376),(405,376),(477,376),(116,377),(122,377),(152,377),(238,377),(271,377),(294,377),(309,377),(318,377),(383,377),(469,377),(113,378),(400,378),(489,378),(112,379),(253,379),(267,379),(272,379),(287,379),(291,379),(312,379),(357,379),(392,379),(438,379),(450,379),(90,380),(142,380),(194,380),(208,380),(256,380),(276,380),(293,380),(461,380),(480,380),(1,381),(7,381),(110,381),(111,381),(145,381),(179,381),(185,381),(187,381),(268,381),(408,381),(414,381),(461,381),(477,381),(484,381),(488,381),(34,382),(163,382),(167,382),(237,382),(246,382),(318,382),(389,382),(69,383),(297,383),(381,383),(493,383),(274,384),(336,384),(360,384),(151,385),(229,385),(356,385),(385,385),(469,385),(1,386),(30,386),(130,386),(132,386),(157,386),(168,386),(169,386),(178,386),(222,386),(421,386),(1,387),(44,387),(169,387),(314,387),(358,387),(367,387),(436,387),(474,387),(64,388),(93,388),(105,388),(172,388),(191,388),(198,388),(214,388),(218,388),(246,388),(248,388),(277,388),(337,388),(379,388),(383,388),(463,388),(43,389),(120,389),(142,389),(157,389),(172,389),(175,389),(221,389),(235,389),(284,389),(305,389),(396,389),(452,389),(458,389),(462,389),(494,389),(499,389),(8,390),(139,390),(186,390),(200,390),(242,390),(306,390),(310,390),(349,390),(412,390),(444,390),(460,390),(461,390),(67,391),(71,391),(155,391),(298,391),(303,391),(341,391),(381,391),(411,391),(431,391),(486,391),(156,392),(193,392),(247,392),(269,392),(312,392),(391,392),(393,392),(435,392),(440,392),(385,393),(401,393),(57,394),(141,394),(149,394),(160,394),(172,394),(357,394),(422,394),(476,394),(22,395),(116,395),(149,395),(188,395),(197,395),(274,395),(290,395),(305,395),(308,395),(342,395),(356,395),(387,395),(403,395),(409,395),(11,396),(15,396),(298,396),(313,396),(316,396),(318,396),(367,396),(399,396),(439,396),(123,397),(167,397),(264,397),(284,397),(294,397),(314,397),(332,397),(449,397),(450,397),(459,397),(101,398),(154,398),(242,398),(249,398),(268,398),(320,398),(339,398),(349,398),(442,398),(445,398),(94,399),(324,399),(385,399),(471,399),(495,399),(4,400),(146,400),(203,400),(205,400),(248,400),(250,400),(268,400),(276,400),(302,400),(362,400),(375,400),(446,400),(488,400),(25,401),(135,401),(222,401),(244,401),(278,401),(338,401),(395,401),(396,401),(405,401),(68,402),(110,402),(177,402),(190,402),(238,402),(260,402),(275,402),(333,402),(389,402),(407,402),(13,403),(81,403),(244,403),(247,403),(271,403),(309,403),(344,403),(372,403),(487,403),(136,404),(230,404),(307,404),(327,404),(427,404),(441,404),(457,404),(500,404),(132,405),(133,405),(232,405),(357,405),(394,405),(434,405),(41,406),(86,406),(204,406),(294,406),(410,406),(418,406),(461,406),(28,407),(144,407),(214,407),(220,407),(225,407),(226,407),(249,407),(32,408),(72,408),(158,408),(193,408),(286,408),(327,408),(355,408),(477,408),(93,409),(174,409),(228,409),(323,409),(394,409),(425,409),(476,409),(485,409),(492,409),(130,410),(146,410),(200,410),(201,410),(331,410),(387,410),(398,410),(435,410),(438,410),(446,410),(59,411),(140,411),(153,411),(200,411),(207,411),(280,411),(283,411),(334,411),(402,411),(430,411),(470,411),(100,412),(141,412),(155,412),(156,412),(158,412),(194,412),(249,412),(252,412),(274,412),(332,412),(386,412),(125,413),(142,413),(264,413),(277,413),(280,413),(306,413),(355,413),(395,413),(448,413),(121,414),(136,414),(223,414),(281,414),(307,414),(308,414),(429,414),(442,414),(443,414),(25,415),(102,415),(105,415),(196,415),(315,415),(323,415),(397,415),(406,415),(128,416),(139,416),(182,416),(197,416),(243,416),(394,416),(9,417),(105,417),(108,417),(149,417),(240,417),(451,417),(103,418),(254,418),(271,418),(348,418),(373,418),(415,418),(499,418),(500,418),(18,419),(128,419),(159,419),(223,419),(270,419),(483,419),(491,419),(495,419),(177,420),(272,420),(402,420),(406,420),(439,420),(449,420),(470,420),(490,420),(97,421),(106,421),(196,421),(276,421),(321,421),(336,421),(455,421),(480,421),(13,422),(143,422),(146,422),(164,422),(178,422),(208,422),(219,422),(229,422),(247,422),(259,422),(277,422),(294,422),(417,422),(467,422),(4,423),(8,423),(22,423),(106,423),(164,423),(180,423),(316,423),(355,423),(392,423),(402,423),(417,423),(443,423),(470,423),(4,424),(46,424),(58,424),(126,424),(270,424),(300,424),(350,424),(352,424),(456,424),(468,424),(486,424),(500,424),(80,425),(102,425),(136,425),(139,425),(273,425),(283,425),(297,425),(343,425),(380,425),(397,425),(407,425),(437,425),(492,425),(104,426),(231,426),(255,426),(287,426),(301,426),(350,426),(355,426),(364,426),(373,426),(422,426),(447,426),(489,426),(100,427),(118,427),(141,427),(194,427),(203,427),(227,427),(271,427),(333,427),(383,427),(450,427),(482,427),(28,428),(124,428),(134,428),(177,428),(253,428),(316,428),(322,428),(349,428),(417,428),(460,428),(92,429),(118,429),(122,429),(194,429),(231,429),(252,429),(278,429),(339,429),(379,429),(487,429),(3,430),(87,430),(147,430),(167,430),(229,430),(264,430),(270,430),(294,430),(335,430),(367,430),(401,430),(407,430),(432,430),(491,430),(52,431),(102,431),(140,431),(181,431),(217,431),(222,431),(256,431),(365,431),(383,431),(423,431),(483,431),(124,432),(146,432),(174,432),(290,432),(373,432),(489,432),(101,433),(114,433),(130,433),(132,433),(279,433),(408,433),(18,434),(46,434),(89,434),(112,434),(157,434),(293,434),(348,434),(407,434),(499,434),(99,435),(170,435),(266,435),(287,435),(288,435),(320,435),(433,435),(469,435),(496,435),(55,436),(152,436),(172,436),(191,436),(194,436),(257,436),(301,436),(335,436),(446,436),(452,436),(453,436),(497,436),(46,437),(54,437),(169,437),(210,437),(254,437),(260,437),(269,437),(292,437),(322,437),(337,437),(434,437),(443,437),(455,437),(487,437),(108,438),(134,438),(173,438),(197,438),(226,438),(239,438),(496,438),(93,439),(137,439),(153,439),(178,439),(226,439),(360,439),(448,439),(465,439),(496,439),(104,440),(181,440),(207,440),(248,440),(255,440),(261,440),(280,440),(289,440),(298,440),(301,440),(385,440),(406,440),(428,440),(472,440),(19,441),(23,441),(173,441),(187,441),(219,441),(360,441),(455,441),(462,441),(113,442),(170,442),(181,442),(211,442),(215,442),(260,442),(296,442),(313,442),(372,442),(403,442),(418,442),(3,443),(11,443),(101,443),(107,443),(116,443),(133,443),(283,443),(287,443),(303,443),(379,443),(102,444),(164,444),(250,444),(282,444),(420,444),(452,444),(17,445),(117,445),(200,445),(239,445),(272,445),(318,445),(340,445),(275,446),(301,446),(48,447),(137,447),(218,447),(268,447),(412,447),(441,447),(462,447),(22,448),(70,448),(82,448),(92,448),(110,448),(254,448),(305,448),(354,448),(383,448),(466,448),(149,449),(212,449),(224,449),(236,449),(450,449),(460,449),(57,450),(117,450),(166,450),(173,450),(181,450),(197,450),(214,450),(232,450),(303,450),(362,450),(371,450),(407,450),(460,450),(471,450),(33,451),(100,451),(204,451),(242,451),(454,451),(468,451),(495,451),(264,452),(268,452),(287,452),(300,452),(321,452),(101,453),(123,453),(157,453),(179,453),(226,453),(247,453),(387,453),(434,453),(436,453),(477,453),(55,454),(137,454),(204,454),(271,454),(294,454),(362,454),(418,454),(426,454),(429,454),(14,455),(39,455),(58,455),(116,455),(154,455),(172,455),(335,455),(363,455),(379,455),(386,455),(402,455),(404,455),(414,455),(467,455),(478,455),(67,456),(163,456),(196,456),(208,456),(230,456),(306,456),(323,456),(432,456),(461,456),(476,456),(496,456),(215,457),(329,457),(365,457),(417,457),(439,457),(450,457),(471,457),(22,458),(80,458),(170,458),(249,458),(424,458),(52,459),(117,459),(126,459),(190,459),(253,459),(283,459),(369,459),(409,459),(458,459),(459,459),(74,460),(83,460),(133,460),(188,460),(228,460),(248,460),(262,460),(285,460),(318,460),(342,460),(347,460),(351,460),(356,460),(381,460),(408,460),(438,460),(458,460),(468,460),(10,461),(118,461),(176,461),(240,461),(307,461),(365,461),(368,461),(442,461),(457,461),(122,462),(143,462),(228,462),(252,462),(349,462),(355,462),(368,462),(378,462),(429,462),(495,462),(87,463),(134,463),(151,463),(203,463),(218,463),(234,463),(245,463),(259,463),(290,463),(295,463),(305,463),(306,463),(328,463),(396,463),(416,463),(419,463),(489,463),(101,464),(102,464),(103,464),(237,464),(253,464),(258,464),(306,464),(480,464),(112,465),(186,465),(204,465),(295,465),(325,465),(352,465),(363,465),(385,465),(489,465),(91,466),(145,466),(157,466),(164,466),(198,466),(241,466),(255,466),(330,466),(345,466),(418,466),(426,466),(455,466),(460,466),(2,467),(13,467),(94,467),(215,467),(230,467),(330,467),(379,467),(396,467),(407,467),(414,467),(458,467),(151,468),(181,468),(182,468),(251,468),(310,468),(338,468),(349,468),(351,468),(447,468),(38,469),(137,469),(147,469),(183,469),(212,469),(246,469),(313,469),(342,469),(431,469),(75,470),(120,470),(152,470),(165,470),(185,470),(214,470),(252,470),(264,470),(324,470),(477,470),(493,470),(494,470),(14,471),(159,471),(260,471),(339,471),(390,471),(393,471),(493,471),(117,472),(133,472),(145,472),(223,472),(226,472),(258,472),(276,472),(320,472),(349,472),(369,472),(394,472),(444,472),(471,472),(36,473),(71,473),(103,473),(143,473),(212,473),(329,473),(365,473),(392,473),(410,473),(466,473),(38,474),(77,474),(148,474),(172,474),(245,474),(350,474),(387,474),(419,474),(431,474),(458,474),(461,474),(18,475),(112,475),(156,475),(402,475),(455,475),(464,475),(237,476),(253,476),(434,476),(457,476),(471,476),(43,477),(153,477),(285,477),(473,477),(493,477),(41,478),(321,478),(368,478),(424,478),(427,478),(428,478),(145,479),(158,479),(159,479),(160,479),(172,479),(223,479),(298,479),(366,479),(461,479),(178,480),(183,480),(237,480),(243,480),(273,480),(352,480),(370,480),(408,480),(7,481),(188,481),(206,481),(261,481),(319,481),(366,481),(469,481),(49,482),(133,482),(205,482),(243,482),(252,482),(325,482),(392,482),(499,482),(170,483),(231,483),(239,483),(338,483),(352,483),(409,483),(69,484),(76,484),(79,484),(157,484),(273,484),(360,484),(371,484),(462,484),(5,485),(80,485),(124,485),(210,485),(211,485),(214,485),(266,485),(314,485),(335,485),(344,485),(396,485),(422,485),(119,486),(125,486),(172,486),(198,486),(220,486),(260,486),(359,486),(414,486),(466,486),(468,486),(482,486),(10,487),(184,487),(191,487),(215,487),(230,487),(234,487),(485,487),(492,487),(39,488),(150,488),(229,488),(245,488),(273,488),(326,488),(347,488),(352,488),(373,488),(375,488),(486,488),(494,488),(74,489),(123,489),(165,489),(365,489),(373,489),(421,489),(465,489),(13,490),(265,490),(266,490),(358,490),(365,490),(371,490),(463,490),(4,491),(129,491),(332,491),(342,491),(351,491),(416,491),(455,491),(500,491),(103,492),(116,492),(231,492),(300,492),(355,492),(451,492),(474,492),(61,493),(101,493),(207,493),(212,493),(253,493),(254,493),(261,493),(337,493),(445,493),(276,494),(345,494),(380,494),(444,494),(134,495),(139,495),(211,495),(283,495),(313,495),(330,495),(456,495),(5,496),(105,496),(109,496),(172,496),(201,496),(290,496),(436,496),(439,496),(452,496),(472,496),(483,496),(116,497),(169,497),(228,497),(287,497),(328,497),(391,497),(87,498),(148,498),(172,498),(204,498),(333,498),(355,498),(443,498),(460,498),(69,499),(149,499),(177,499),(206,499),(227,499),(288,499),(311,499),(322,499),(392,499),(470,499),(494,499),(107,500),(300,500),(351,500),(363,500),(374,500),(401,500),(433,500);
/*!40000 ALTER TABLE `customer_fav_item` ENABLE KEYS */;
UNLOCK TABLES;

--
-- Table structure for table `item`
--

DROP TABLE IF EXISTS `item`;
/*!40101 SET @saved_cs_client     = @@character_set_client */;
/*!50503 SET character_set_client = utf8mb4 */;
CREATE TABLE `item` (
  `id` int NOT NULL AUTO_INCREMENT,
  `name` varchar(50) NOT NULL,
  `price` double NOT NULL,
  `quantity` int NOT NULL,
  PRIMARY KEY (`id`)
) ENGINE=InnoDB AUTO_INCREMENT=501 DEFAULT CHARSET=utf8mb4 COLLATE=utf8mb4_0900_ai_ci;
/*!40101 SET character_set_client = @saved_cs_client */;

--
-- Dumping data for table `item`
--

LOCK TABLES `item` WRITE;
/*!40000 ALTER TABLE `item` DISABLE KEYS */;
INSERT INTO `item` VALUES (1,'Lentils - Green, Dry',3189.95,60),(2,'Syrup - Kahlua Chocolate',2829,79),(3,'V8 - Vegetable Cocktail',3494.49,42),(4,'Beer - Sleemans Cream Ale',1034.88,87),(5,'Chicken Giblets',2236.31,100),(6,'Beef - Rouladin, Sliced',557.61,4),(7,'Pork - Butt, Boneless',901.22,4),(8,'Artichokes - Knobless, White',1784.94,54),(9,'Turkey - Breast, Double',936.11,60),(10,'Nut - Macadamia',298.99,97),(11,'Jagermeister',1828.17,0),(12,'Seedlings - Clamshell',2766.86,46),(13,'Neckerchief Blck',4959.85,58),(14,'Cheese - Havarti, Roasted Garlic',674.35,2),(15,'Shrimp - Black Tiger 13/15',774.09,97),(16,'Toothpick Frilled',4216.78,18),(17,'Celery Root',1407.77,60),(18,'Flour - All Purpose',4469.91,66),(19,'Salmon - Smoked, Sliced',3499.29,90),(20,'Cookie - Oreo 100x2',71.75,0),(21,'Shrimp - Baby, Warm Water',1617.89,80),(22,'Beef - Striploin',3858.02,42),(23,'Cheese - Ermite Bleu',1663.04,32),(24,'Ice Cream Bar - Hageen Daz To',3923.25,60),(25,'Steamers White',4934.45,22),(26,'Flour - Bread',4213.51,41),(27,'Sparkling Wine - Rose, Freixenet',1264.6,83),(28,'Irish Cream - Butterscotch',4265.24,97),(29,'Pasta - Agnolotti - Butternut',1776.68,94),(30,'C - Plus, Orange',3275.36,66),(31,'Soup - Campbells, Lentil',2747.97,44),(32,'Carbonated Water - Blackcherry',676.92,57),(33,'Pie Box - Cello Window 2.5',565.93,77),(34,'Wine - Tio Pepe Sherry Fino',4972.15,50),(35,'Plastic Wrap',206.42,69),(36,'Beets - Pickled',3591.15,37),(37,'Cake - Bande Of Fruit',2055.14,67),(38,'Cake - Mini Cheesecake',2010.19,77),(39,'Gelatine Leaves - Envelopes',648.95,21),(40,'Red Snapper - Fillet, Skin On',2794.81,100),(41,'Capers - Ox Eye Daisy',419.29,87),(42,'Cattail Hearts',1384.65,72),(43,'Wiberg Cure',3209.95,31),(44,'Flower - Commercial Bronze',743.64,92),(45,'V8 Pet',4723.84,53),(46,'Chocolate - Pistoles, Lactee, Milk',2665.24,100),(47,'Tea - Orange Pekoe',355.73,85),(48,'Pork Salted Bellies',4532.33,75),(49,'Olives - Morracan Dired',4655.07,12),(50,'Tea - Black Currant',2030.09,25),(51,'Skirt - 24 Foot',4953.26,82),(52,'Nori Sea Weed - Gold Label',1572.16,98),(53,'Cranberries - Dry',3923.09,28),(54,'Vinegar - Champagne',1105.83,92),(55,'Cheese - Goat With Herbs',1528.66,45),(56,'Bread Crumbs - Japanese Style',3916.49,44),(57,'Truffle Paste',816.91,3),(58,'Sauce - Hoisin',934.67,9),(59,'Nantucket Orange Juice',325.5,14),(60,'7up Diet, 355 Ml',4271.59,61),(61,'Potatoes - Yukon Gold, 80 Ct',2102.93,26),(62,'Coffee - Beans, Whole',2914.52,76),(63,'Flour - So Mix Cake White',3929.43,43),(64,'Peach - Fresh',26.58,0),(65,'Nut - Pistachio, Shelled',1404.71,70),(66,'Cod - Salted, Boneless',4860.36,40),(67,'Wine - Chateau Aqueria Tavel',4921.89,9),(68,'Paper Towel Touchless',527.63,89),(69,'Cheese Cheddar Processed',3549.88,31),(70,'Chilli Paste, Hot Sambal Oelek',128.08,5),(71,'Wine - Fino Tio Pepe Gonzalez',3778.03,18),(72,'Tarragon - Primerba, Paste',627.99,90),(73,'Bread Base - Gold Formel',3167.82,0),(74,'Wine - Black Tower Qr',4887.62,71),(75,'Lamb - Racks, Frenched',3808.9,47),(76,'Potatoes - Fingerling 4 Oz',4207.1,71),(77,'V8 - Tropical Blend',4340.3,91),(78,'Carrots - Mini Red Organic',41.28,87),(79,'Lotus Leaves',4862.71,8),(80,'Coriander - Seed',1849.63,82),(81,'Sausage - Chorizo',1557.82,38),(82,'Lettuce - Lambs Mash',2697.79,32),(83,'Wine - White, Cooking',1351.47,3),(84,'Tofu - Firm',552.19,7),(85,'Baking Powder',1705.59,19),(86,'Cake - Miini Cheesecake Cherry',1918.52,3),(87,'Ranchero - Primerba, Paste',4192.62,18),(88,'Lobster - Tail, 3 - 4 Oz',3013.97,71),(89,'Amaretto',4117.78,2),(90,'Muffin Hinge - 211n',3240.6,4),(91,'White Fish - Filets',980.77,76),(92,'Bonito Flakes - Toku Katsuo',3905.23,77),(93,'Silicone Paper 16.5x24',3362.82,53),(94,'Pepper - Cubanelle',3557.28,94),(95,'Coffee Cup 8oz 5338cd',3599.55,47),(96,'Cheese - Bocconcini',2804.81,68),(97,'Food Colouring - Pink',2953.73,85),(98,'Pork - Loin, Center Cut',4492.63,42),(99,'Sugar - Crumb',4544.52,10),(100,'Sauce - Soya, Light',2068.91,1),(101,'Tea - Mint',2671.59,52),(102,'Spinach - Spinach Leaf',4537.97,66),(103,'Bouq All Italian - Primerba',2521.95,60),(104,'Grenadillo',3583.22,3),(105,'Bagel - Whole White Sesame',3826.76,65),(106,'Juice - Pineapple, 341 Ml',3872.27,7),(107,'Trout - Smoked',3619.84,98),(108,'Energy Drink Bawls',793.37,88),(109,'Veal - Chops, Split, Frenched',4292.4,64),(110,'Chocolate - White',115.66,68),(111,'Cup - Translucent 7 Oz Clear',1240.3,67),(112,'Hold Up Tool Storage Rack',4398.03,80),(113,'Tart Shells - Savory, 4',844.38,45),(114,'Cheese - Marble',2029.08,92),(115,'Wine - Ice Wine',1182.69,73),(116,'Cornflakes',2813.35,66),(117,'Calvados - Boulard',508.31,94),(118,'Rice - Aborio',2966.84,87),(119,'Juice - Ocean Spray Kiwi',726.93,52),(120,'Bacardi Mojito',4982.07,79),(121,'Wine - Piper Heidsieck Brut',2862.98,58),(122,'Shrimp - 100 / 200 Cold Water',1559.8,29),(123,'Tabasco Sauce, 2 Oz',4178.83,52),(124,'Praline Paste',2092.93,21),(125,'Magnotta Bel Paese Red',3375.88,25),(126,'Broom - Push',3025.52,0),(127,'Chef Hat 25cm',3145.63,89),(128,'Peach - Fresh',605.32,22),(129,'Shrimp - 100 / 200 Cold Water',2699.77,88),(130,'Veal - Ground',3033.38,29),(131,'Mayonnaise - Individual Pkg',3367.62,10),(132,'Beef - Ground Lean Fresh',1626.78,31),(133,'Pasta - Lasagna, Dry',818.47,40),(134,'Cream - 18%',2417.29,51),(135,'Coffee Beans - Chocolate',4249.12,70),(136,'Beer - Sleeman Fine Porter',3685.3,46),(137,'Worcestershire Sauce',4769.41,7),(138,'Melon - Cantaloupe',815.79,7),(139,'Appetizer - Mango Chevre',3731.47,3),(140,'Sugar - Splenda Sweetener',1183.48,74),(141,'Wine - White, Pelee Island',617.22,63),(142,'Wine - White, Gewurtzraminer',3700.94,93),(143,'Pike - Frozen Fillet',4193.09,74),(144,'Veal - Inside Round / Top, Lean',1049.77,100),(145,'Apple - Granny Smith',4020.53,80),(146,'Cookie Double Choco',17.82,40),(147,'Sobe - Green Tea',2352.37,67),(148,'Sauce - Soya, Light',905.93,41),(149,'Salt - Celery',1755.76,2),(150,'Puree - Guava',836.84,43),(151,'Cake - Bande Of Fruit',939.87,46),(152,'Soup - Campbells',3051.3,0),(153,'Beer - Moosehead',4363.92,38),(154,'Oil - Grapeseed Oil',1925.03,15),(155,'Mace',4380.5,88),(156,'Salt - Table',4728.05,25),(157,'Beets',255.89,65),(158,'Radish - Pickled',4178.74,33),(159,'Sugar - Brown, Individual',600.77,100),(160,'Kaffir Lime Leaves',4720.28,79),(161,'Calaloo',1616.23,35),(162,'Beef - Diced',3612.12,7),(163,'Soap - Hand Soap',1453.81,94),(164,'Milk Powder',3026.3,29),(165,'Scallops 60/80 Iqf',964.28,95),(166,'Quail - Eggs, Fresh',1759.35,60),(167,'Oil - Shortening,liqud, Fry',1076.52,64),(168,'Wine - Harrow Estates, Vidal',3467.8,64),(169,'Rice Paper',1627.11,50),(170,'Basil - Dry, Rubbed',3915.26,0),(171,'Arctic Char - Fresh, Whole',3524.98,96),(172,'Cookies Cereal Nut',1076.9,19),(173,'Tart - Pecan Butter Squares',3522.34,79),(174,'Pastrami',968.88,100),(175,'Bouillion - Fish',4679.91,95),(176,'Sage Ground Wiberg',1209.83,5),(177,'Pasta - Penne, Lisce, Dry',2694.72,58),(178,'Wine - Magnotta - Belpaese',3376.51,0),(179,'Radish - Pickled',1011.18,7),(180,'Asparagus - White, Canned',650.24,0),(181,'Eggs - Extra Large',4394.59,55),(182,'Glycerine',1572.52,2),(183,'Spinach - Packaged',4294.1,61),(184,'Wine - Ej Gallo Sonoma',2705.85,0),(185,'Dry Ice',2747.45,80),(186,'Pork - Back, Long Cut, Boneless',201,71),(187,'Lid - High Heat, Super Clear',1992.56,26),(188,'Venison - Denver Leg Boneless',1245.86,6),(189,'Foil - Round Foil',2842.24,78),(190,'Soup - Clam Chowder, Dry Mix',3718.42,39),(191,'Cheese - Cheddar, Mild',15.29,39),(192,'Kellogs All Bran Bars',2912.86,76),(193,'Celery',3344.79,24),(194,'Pepsi, 355 Ml',4948.6,37),(195,'Olive - Spread Tapenade',4884.26,61),(196,'Wine - Wyndham Estate Bin 777',487.72,51),(197,'Soup - Knorr, French Onion',1361.96,42),(198,'Onions - Cooking',3444.51,62),(199,'Wine - Rosso Toscano Igt',4528.47,29),(200,'Coffee Swiss Choc Almond',3244,71),(201,'Creme De Cacao White',1387.04,40),(202,'Pears - Bosc',3082.15,91),(203,'Flavouring - Raspberry',3817.31,3),(204,'Soup - Campbells - Tomato',4340.44,39),(205,'Bagel - Everything Presliced',2314.94,58),(206,'Zucchini - Mini, Green',1705.15,56),(207,'Soup - Campbells, Chix Gumbo',3627.41,89),(208,'Tomatoes - Hot House',3027.02,0),(209,'Beef - Tender Tips',1638.94,0),(210,'Tart Shells - Savory, 2',1684.08,79),(211,'Pasta - Bauletti, Chicken White',4701.63,94),(212,'Smirnoff Green Apple Twist',3254.26,5),(213,'Glaze - Apricot',2277.02,87),(214,'Cheese - Parmesan Cubes',4699.03,71),(215,'Cake Sheet Combo Party Pack',1277.86,0),(216,'Mix - Cocktail Strawberry Daiquiri',630.52,74),(217,'True - Vue Containers',4938.13,14),(218,'Tea - Green',1293.44,0),(219,'Syrup - Monin, Swiss Choclate',1282.81,30),(220,'Veal Inside - Provimi',4788.44,98),(221,'Wine - Lamancha Do Crianza',1019.72,16),(222,'Sansho Powder',1179.04,0),(223,'Sorrel - Fresh',2375.11,60),(224,'Bok Choy - Baby',1036.64,24),(225,'Beets - Golden',4339.72,33),(226,'Beer - Moosehead',4904.45,13),(227,'Mudslide',2689.3,82),(228,'Bread - Focaccia Quarter',3094.68,90),(229,'Rum - Mount Gay Eclipes',3683.25,75),(230,'Wakami Seaweed',1803.48,14),(231,'Ice Cream - Strawberry',3336.98,84),(232,'Nut - Walnut, Pieces',168.25,89),(233,'Wine - Rubyport',1318.31,55),(234,'Lid - 0090 Clear',1898.75,66),(235,'Rice - Wild',6.19,50),(236,'Beef - Tenderloin',1887.85,57),(237,'Jam - Apricot',595.18,56),(238,'Pork - Backfat',4687.67,68),(239,'Cheese - Romano, Grated',173.85,0),(240,'Beef - Tenderlion, Center Cut',3289.09,99),(241,'Oil - Olive, Extra Virgin',2716.63,32),(242,'Beer - Fruli',1935,21),(243,'Buttons',978.09,75),(244,'Cookie Choc',2360.87,0),(245,'Greens Mustard',4082.97,51),(246,'Tea - Honey Green Tea',3889.1,55),(247,'Pie Shell - 9',140.51,0),(248,'Mushroom - Crimini',362.44,97),(249,'Lettuce - Curly Endive',594.85,0),(250,'Chocolate - Feathers',861.17,49),(251,'Sprouts - Pea',2530.49,59),(252,'Wine - Trimbach Pinot Blanc',4770.95,0),(253,'Beer - Maudite',4358.76,67),(254,'Teriyaki Sauce',1902.62,74),(255,'Marzipan 50/50',3681.91,0),(256,'Silicone Parch. 16.3x24.3',545.01,95),(257,'Lemonade - Strawberry, 591 Ml',3508.97,17),(258,'Calvados - Boulard',1733.59,50),(259,'Arctic Char - Fillets',2674.92,46),(260,'Nantucket - Orange Mango Cktl',94.94,52),(261,'Sprouts - Baby Pea Tendrils',2652.46,8),(262,'Rum - Spiced, Captain Morgan',1344.89,77),(263,'Dr. Pepper - 355ml',1415.52,25),(264,'Juice - V8 Splash',2947.83,62),(265,'Pepper - White, Ground',2993.23,45),(266,'Pike - Frozen Fillet',3920.06,95),(267,'Napkin - Cocktail,beige 2 - Ply',3009.66,99),(268,'Nut - Pine Nuts, Whole',1146.01,9),(269,'Beans - Black Bean, Preserved',862.74,87),(270,'Chicken - White Meat With Tender',2011.27,8),(271,'Puree - Strawberry',1411.86,92),(272,'Chocolate Bar - Oh Henry',1886.88,76),(273,'Wiberg Cure',3495.05,48),(274,'Spice - Peppercorn Melange',2289.57,8),(275,'Champagne - Brights, Dry',1824.65,4),(276,'Grapes - Black',2680.29,84),(277,'Trueblue - Blueberry Cranberry',2480.43,82),(278,'Wine - Blue Nun Qualitatswein',3736.38,18),(279,'Mortadella',313.36,42),(280,'Wine - Gewurztraminer Pierre',2213.65,17),(281,'Fiddlehead - Frozen',994.32,71),(282,'Soupfoamcont12oz 112con',3554.11,26),(283,'Oil - Macadamia',3400.9,50),(284,'Rice - Aborio',3593.25,58),(285,'Oil - Safflower',45.66,50),(286,'Eggplant Italian',4773.74,1),(287,'Pastry - Key Limepoppy Seed Tea',3267.01,98),(288,'Pepper - Chilli Seeds Mild',1597.91,43),(289,'Lobster - Tail 6 Oz',2220.56,26),(290,'Wine - Magnotta - Bel Paese White',2629.71,47),(291,'Cookies Oatmeal Raisin',3260.83,46),(292,'Garbage Bag - Clear',1505.84,96),(293,'Chips Potato Swt Chilli Sour',2668.78,37),(294,'Amaretto',2522.47,41),(295,'Pork - Side Ribs',639.21,31),(296,'Nectarines',2424.65,34),(297,'Wine - Clavet Saint Emilion',4535.49,100),(298,'Pork - European Side Bacon',3528.64,73),(299,'Mangoes',1840.85,16),(300,'Ostrich - Fan Fillet',3119.73,91),(301,'Appetizer - Veg Assortment',2375.76,56),(302,'Pastry - Plain Baked Croissant',1201.1,77),(303,'Flour - Chickpea',1047.09,57),(304,'Beef - Shank',3836.5,30),(305,'Sobe - Cranberry Grapefruit',1274.35,77),(306,'Glucose',317.25,90),(307,'Cheese - Comte',4082.5,37),(308,'Lotus Root',2718.06,67),(309,'Strawberries - California',1204.85,76),(310,'Tea - Herbal I Love Lemon',2474.36,99),(311,'Pasta - Canelloni, Single Serve',4673.13,23),(312,'Crackers - Melba Toast',2128.08,79),(313,'Hickory Smoke, Liquid',2772.62,46),(314,'Wine - White, Schroder And Schyl',4979.09,63),(315,'Asparagus - Mexican',2951.94,14),(316,'Glass - Juice Clear 5oz 55005',3305.32,29),(317,'Momiji Oroshi Chili Sauce',1822.4,5),(318,'Tahini Paste',1759.05,83),(319,'Flour - Teff',2014.17,8),(320,'Juice - Apple, 500 Ml',1135.38,83),(321,'Pasta - Linguini, Dry',4249.92,7),(322,'Jolt Cola - Red Eye',1114.07,88),(323,'Pastry - Trippleberry Muffin - Mini',176.02,55),(324,'Lid - 3oz Med Rec',2846.03,99),(325,'Salami - Genova',3834.51,78),(326,'Ice - Clear, 300 Lb For Carving',3374.84,67),(327,'Bread - Assorted Rolls',4926.81,36),(328,'Cheese - Brick With Pepper',2099.81,28),(329,'Arctic Char - Fillets',2963.8,38),(330,'Jolt Cola - Red Eye',3144.33,63),(331,'Wine - Prem Select Charddonany',2425.61,61),(332,'Cilantro / Coriander - Fresh',3676.57,69),(333,'Potato - Sweet',4544.83,24),(334,'Dip - Tapenade',1228.4,53),(335,'Lobster - Baby, Boiled',184.45,82),(336,'Ecolab - Hobart Washarm End Cap',486.66,37),(337,'Marzipan 50/50',627.14,34),(338,'Oats Large Flake',9.1,38),(339,'Beer - Sleeman Fine Porter',4997.28,4),(340,'Flour - Fast / Rapid',4805.69,84),(341,'Pepper - Black, Whole',1547.08,93),(342,'Wine - Red, Pinot Noir, Chateau',4837.36,39),(343,'Glass Clear 8 Oz',3300.47,14),(344,'Flavouring - Orange',761.11,40),(345,'Coffee - Colombian, Portioned',533.21,59),(346,'Cheese - Bakers Cream Cheese',854.22,94),(347,'Cheese - Gorgonzola',2737.46,85),(348,'Beer - Mcauslan Apricot',4842.95,98),(349,'Beer - Molson Excel',916.06,14),(350,'Bread - Multigrain, Loaf',2107.65,70),(351,'Cheese - Goat',1334.1,46),(352,'Energy Drink',4891.56,50),(353,'Soup - Knorr, French Onion',2036.83,5),(354,'Horseradish - Prepared',3012.93,46),(355,'Glucose',4096.06,20),(356,'Pineapple - Regular',674.34,1),(357,'Sauce - Apple, Unsweetened',4567.45,45),(358,'Onions - Green',3008.19,81),(359,'Nestea - Iced Tea',4166.41,84),(360,'Gelatine Leaves - Bulk',78.62,57),(361,'Chocolate - Milk Coating',3408.51,15),(362,'Beer - Camerons Cream Ale',2997.77,61),(363,'Eel - Smoked',3912.05,38),(364,'7up Diet, 355 Ml',1251.09,68),(365,'Pork - Hock And Feet Attached',283.25,47),(366,'Bread - Multigrain, Loaf',2.56,53),(367,'Soda Water - Club Soda, 355 Ml',4572.27,9),(368,'Green Tea Refresher',573.49,52),(369,'Water - Green Tea Refresher',4423.57,87),(370,'Stock - Fish',3366.93,4),(371,'Island Oasis - Magarita Mix',3991.05,76),(372,'Pork - Shoulder',2097.52,28),(373,'Orange Roughy 6/8 Oz',2176.9,6),(374,'Almonds Ground Blanched',3292.38,61),(375,'Quiche Assorted',287.7,73),(376,'Wine - Maipo Valle Cabernet',1952.35,82),(377,'Chips Potato All Dressed - 43g',4752.3,48),(378,'Milkettes - 2%',1770.59,19),(379,'Pepper - Jalapeno',1436.07,24),(380,'Veal - Nuckle',638.9,43),(381,'Bread - Wheat Baguette',2161.57,97),(382,'Bread Base - Italian',3674.68,74),(383,'Sausage - Andouille',2682.49,100),(384,'Beef - Chuck, Boneless',823.2,33),(385,'Carbonated Water - Blackcherry',2413.1,32),(386,'Wine - Valpolicella Masi',869.59,47),(387,'Pork - Bacon, Double Smoked',617.88,99),(388,'Jam - Marmalade, Orange',3345.87,26),(389,'The Pop Shoppe Pinapple',1649.93,45),(390,'Wine - Saint - Bris 2002, Sauv',247.77,10),(391,'Bagel - Whole White Sesame',109.02,91),(392,'Shrimp - Baby, Warm Water',1306.42,49),(393,'Huck Towels White',4194.48,66),(394,'Dawn Professionl Pot And Pan',1754.89,16),(395,'Pastry - Cheese Baked Scones',2085.22,38),(396,'Beets - Pickled',1306.67,14),(397,'Milk 2% 500 Ml',4403.97,26),(398,'Wine - White, Pinot Grigio',2002.17,58),(399,'Wine - Shiraz South Eastern',2824.31,85),(400,'Wine - Fume Blanc Fetzer',1193.74,57),(401,'Venison - Liver',453.93,61),(402,'Vinegar - White Wine',923.89,9),(403,'Wiberg Cure',4140.03,24),(404,'Bandage - Flexible Neon',1314.98,78),(405,'Cake - French Pear Tart',2035.94,5),(406,'Soup - Verve - Chipotle Chicken',1076.88,74),(407,'Anchovy Paste - 56 G Tube',2086.21,42),(408,'Goat - Leg',772.1,55),(409,'Stock - Fish',3133.71,70),(410,'Parsley - Fresh',1177.82,25),(411,'Water - Perrier',829.65,37),(412,'Radish - Pickled',2116.94,65),(413,'Carbonated Water - Lemon Lime',1499.19,39),(414,'Potatoes - Yukon Gold, 80 Ct',4090.7,97),(415,'Ketchup - Tomato',3547.02,86),(416,'Wine - Red, Mosaic Zweigelt',2870.62,24),(417,'Sprouts - Peppercress',2419.69,72),(418,'Pate - Cognac',4557.46,26),(419,'Peppercorns - Green',2589.01,57),(420,'Wine - Blue Nun Qualitatswein',848.49,58),(421,'Creme De Menthe Green',315.61,62),(422,'Muffin - Bran Ind Wrpd',2971.16,23),(423,'Veal - Loin',1806.43,50),(424,'Veal - Inside',3813.22,69),(425,'Wine - Cabernet Sauvignon',1257.52,66),(426,'Shiro Miso',2237.05,54),(427,'Lid - 0090 Clear',1580.37,78),(428,'Wine - Red, Pinot Noir, Chateau',3451.09,3),(429,'Pie Pecan',1092.42,17),(430,'Beef - Montreal Smoked Brisket',4448.15,50),(431,'Silicone Parch. 16.3x24.3',497.11,26),(432,'Tea - Jasmin Green',234.15,23),(433,'Bread - Sticks, Thin, Plain',3932.38,14),(434,'Mortadella',2031.05,9),(435,'Kiwi Gold Zespri',2455.42,45),(436,'Onions - Dried, Chopped',4039.36,37),(437,'Swiss Chard',2283.44,5),(438,'Mussels - Frozen',1138.76,81),(439,'Cup - Paper 10oz 92959',4884.29,32),(440,'Sauce - Bernaise, Mix',4317.24,36),(441,'Bread - 10 Grain Parisian',1784.55,11),(442,'Cake - Bande Of Fruit',4007.21,45),(443,'Stock - Beef, Brown',3603.88,12),(444,'Cookie - Oatmeal',3609.36,65),(445,'Pastry - Chocolate Marble Tea',1252.67,82),(446,'Garbag Bags - Black',3023.56,16),(447,'Pears - Bartlett',4570.43,20),(448,'Sole - Dover, Whole, Fresh',2182.08,94),(449,'Lotus Root',3647.33,85),(450,'Lady Fingers',440.13,52),(451,'Potatoes - Mini Red',4421.51,1),(452,'Chocolate - White',1624.69,24),(453,'Pasta - Cannelloni, Sheets, Fresh',227.58,67),(454,'Tart Shells - Barquettes, Savory',4448.77,6),(455,'Wine - Coteaux Du Tricastin Ac',942.51,29),(456,'Strawberries - California',4690.54,68),(457,'Sponge Cake Mix - Vanilla',4460.09,74),(458,'Oil - Hazelnut',4098.22,67),(459,'Carbonated Water - Wildberry',3567.11,8),(460,'Soup - Campbells Mac N Cheese',3481.21,95),(461,'Beer - True North Lager',3883.46,79),(462,'Godiva White Chocolate',2455,79),(463,'Container - Clear 16 Oz',567.98,15),(464,'Cumin - Ground',2671.78,84),(465,'Wine - Red, Black Opal Shiraz',548.4,32),(466,'Cheese - St. Andre',1765.69,49),(467,'Sole - Dover, Whole, Fresh',1930.2,83),(468,'Bread - English Muffin',4109.42,88),(469,'Danishes - Mini Cheese',1026.49,41),(470,'Turkey - Ground. Lean',2514.85,46),(471,'Vinegar - White Wine',927.03,3),(472,'Sprouts - China Rose',3435.89,34),(473,'Appetizer - Escargot Puff',1434.42,71),(474,'Coffee Cup 8oz 5338cd',3545.65,98),(475,'Sobe - Berry Energy',4660.24,97),(476,'Cheese Cheddar Processed',2588.24,96),(477,'Cheese - Goat With Herbs',1366.71,96),(478,'Island Oasis - Lemonade',4770.96,11),(479,'Lighter - Bbq',1349.38,56),(480,'Muffin Carrot - Individual',3574.03,91),(481,'Sour Puss Sour Apple',4994.47,26),(482,'Pork - Smoked Back Bacon',1951.86,80),(483,'Cognac - Courvaisier',823.86,51),(484,'Olives - Green, Pitted',2201.01,78),(485,'Wine - White, Lindemans Bin 95',4425.11,13),(486,'Table Cloth 62x120 White',616.71,45),(487,'Fennel - Seeds',3883.66,13),(488,'Soup - Campbells, Creamy',528.68,71),(489,'Tortillas - Flour, 8',475.78,90),(490,'Wine - Barbera Alba Doc 2001',262.47,12),(491,'Dragon Fruit',867.11,58),(492,'Mcgillicuddy Vanilla Schnap',1721.27,67),(493,'Crab - Dungeness, Whole',4179.38,76),(494,'Bread - 10 Grain',2279.55,50),(495,'Dooleys Toffee',712.67,24),(496,'Muffin - Blueberry Individual',2140.32,1),(497,'Chinese Foods - Chicken Wing',3958.69,97),(498,'Quail - Whole, Boneless',962.64,77),(499,'Shrimp - Black Tiger 26/30',876.73,92),(500,'Sauce - Salsa',126.11,98);
/*!40000 ALTER TABLE `item` ENABLE KEYS */;
UNLOCK TABLES;

--
-- Table structure for table `order`
--

DROP TABLE IF EXISTS `order`;
/*!40101 SET @saved_cs_client     = @@character_set_client */;
/*!50503 SET character_set_client = utf8mb4 */;
CREATE TABLE `order` (
  `id` int NOT NULL AUTO_INCREMENT,
  `customer_id` int NOT NULL,
  `number` varchar(50) NOT NULL,
  PRIMARY KEY (`id`),
  UNIQUE KEY `order_number_uindex` (`number`)
) ENGINE=InnoDB AUTO_INCREMENT=3001 DEFAULT CHARSET=utf8mb4 COLLATE=utf8mb4_0900_ai_ci;
/*!40101 SET character_set_client = @saved_cs_client */;

--
-- Dumping data for table `order`
--

LOCK TABLES `order` WRITE;
/*!40000 ALTER TABLE `order` DISABLE KEYS */;
INSERT INTO `order` VALUES (1,69,'6390747568196704'),(2,398,'6331106404727838'),(3,184,'30369309630054'),(4,20,'3561455467025525'),(5,216,'3534974134771901'),(6,468,'3534012634728897'),(7,488,'3561530869181652'),(8,197,'3544476213356073'),(9,52,'3562726612744130'),(10,16,'58931890092129499'),(11,242,'560221065382197241'),(12,436,'3570762730580692'),(13,73,'5275502176155457'),(14,37,'3572356465008090'),(15,44,'3585917112689908'),(16,273,'3577783432284907'),(17,158,'5602246759880958'),(18,405,'4905420255518776040'),(19,12,'5100170802400480'),(20,463,'3560931187238060'),(21,142,'5010122848876081'),(22,375,'4903476340263018794'),(23,433,'3533303289321661'),(24,150,'6767290311934884873'),(25,200,'5602254913155168'),(26,381,'201510722619421'),(27,133,'5007660204154879'),(28,98,'3552415287935866'),(29,305,'4903012408575340502'),(30,282,'374283045186038'),(31,179,'5002358418620968'),(32,55,'373443461670599'),(33,327,'374283124849381'),(34,91,'4903214367530869888'),(35,28,'5602256388779323'),(36,56,'3555958916323779'),(37,281,'374288768018896'),(38,272,'3561326152785154'),(39,17,'493663501793518962'),(40,473,'4175005980460539'),(41,71,'4041597882877'),(42,499,'5048375753445716'),(43,359,'5274032084517755'),(44,326,'3567715491267664'),(45,498,'3537943142852463'),(46,411,'30281737343319'),(47,482,'4844360201684669'),(48,378,'4844637460931810'),(49,154,'4911667655273429'),(50,442,'30452507666797'),(51,339,'4913943985427649'),(52,238,'30260412405726'),(53,250,'3547334516560288'),(54,436,'3532353065130332'),(55,272,'3538584891101964'),(56,446,'3545163326873314'),(57,463,'3571689349276629'),(58,114,'3585063948748848'),(59,87,'201993170115789'),(60,2,'503841863961647739'),(61,468,'3576973109417622'),(62,466,'4913331301250566'),(63,426,'3535818077678103'),(64,78,'4041592004293287'),(65,17,'201600362240008'),(66,240,'3534946373430514'),(67,62,'3534174073759252'),(68,219,'5504009542924379'),(69,348,'374288372709278'),(70,479,'3582604632422191'),(71,306,'3584089365280578'),(72,131,'4041370592255'),(73,475,'6761884922594513761'),(74,216,'3536951739010693'),(75,421,'374283509682738'),(76,244,'3549777867952660'),(77,341,'337941330985432'),(78,54,'0604326237604080345'),(79,230,'3571902340140169'),(80,312,'3586980745295583'),(81,391,'3577599895913075'),(82,267,'3549115502843046'),(83,348,'3585445717431450'),(84,331,'3566690248523761'),(85,151,'3559226439420266'),(86,102,'676145283878910046'),(87,152,'6393527656512815'),(88,226,'5602244057271548343'),(89,481,'3556204467372439'),(90,470,'3540221921624022'),(91,455,'6399470325921436'),(92,398,'3538221746375994'),(93,438,'4017951241925855'),(94,377,'201417160639616'),(95,134,'3578733815981024'),(96,235,'3565218490826087'),(97,90,'3560749030568339'),(98,425,'5100146145913058'),(99,22,'201430285518698'),(100,450,'6333872744484876955'),(101,425,'3540825508108843'),(102,276,'3538491970646754'),(103,10,'5602219484357170'),(104,302,'3538619440612473'),(105,357,'5002352789001759'),(106,119,'30204754276816'),(107,19,'201500202487712'),(108,108,'3538313152755338'),(109,112,'372301510419635'),(110,324,'3565601662196175'),(111,20,'5149067952479541'),(112,326,'3566365232929957'),(113,392,'3588357952329991'),(114,205,'3568386075464694'),(115,94,'4844936220893314'),(116,262,'3550069422211378'),(117,380,'3534295459479676'),(118,4,'3566396402396966'),(119,268,'3530059172890732'),(120,202,'5108754702491640'),(121,357,'3558448781012571'),(122,246,'5439578869390992'),(123,360,'67629079912869017'),(124,192,'3581143618750730'),(125,381,'3586845818481511'),(126,291,'3554039283569376'),(127,247,'3576043043099504'),(128,181,'4175000033166043'),(129,30,'4026115345959322'),(130,106,'374622668146334'),(131,499,'6709412400608903310'),(132,272,'4905512966873606098'),(133,410,'6759170568179114025'),(134,302,'3566504130318505'),(135,10,'675938323272238744'),(136,425,'201568377526960'),(137,397,'30236606130627'),(138,408,'5100135838062646'),(139,64,'3561961262346099'),(140,112,'3557538289839292'),(141,65,'3557722040529232'),(142,236,'3545153417644401'),(143,269,'201751517676206'),(144,323,'56022477360972778'),(145,281,'4405520643042153'),(146,213,'3540210541060113'),(147,210,'201551320385536'),(148,84,'374622191772614'),(149,442,'3557486786572521'),(150,404,'3574552383156965'),(151,155,'340840910536521'),(152,7,'3568676185494551'),(153,297,'6767390129867718523'),(154,81,'6706194301124892'),(155,111,'4041370986242'),(156,359,'201443836283175'),(157,229,'3554283930072471'),(158,179,'5437008139820224'),(159,234,'3562457105023184'),(160,233,'5456787991657339'),(161,286,'4844645436258168'),(162,11,'5010123020844558'),(163,295,'6767901982528746'),(164,499,'4175002748866479'),(165,411,'3563222034003098'),(166,213,'6375518718889285'),(167,187,'5189717443011490'),(168,277,'3533365087347628'),(169,274,'6763039407854522'),(170,447,'4405466187658949'),(171,284,'630460620512106974'),(172,9,'4175002157947166'),(173,278,'5048374415149121'),(174,303,'3572599584395001'),(175,352,'201735999186669'),(176,473,'6706037786008394972'),(177,356,'4913282651138176'),(178,70,'3535443752885905'),(179,299,'5100139148720372'),(180,303,'5100149331557739'),(181,452,'337941447151159'),(182,106,'3550491826712894'),(183,115,'201856465769380'),(184,170,'3548046876283728'),(185,61,'3544210518165347'),(186,105,'3560114183096887'),(187,185,'201852410047956'),(188,150,'3553615773315536'),(189,465,'5517116032660655'),(190,212,'4936150909674584553'),(191,130,'3574506794722880'),(192,295,'3540017785138491'),(193,49,'676367660079007006'),(194,119,'5100179986364271'),(195,492,'5575626908286756'),(196,460,'374283331419564'),(197,439,'6399000875734218'),(198,71,'5445271227305900'),(199,130,'5238235618002773'),(200,268,'3530828671926886'),(201,422,'4903015736156066'),(202,316,'5010124031940930'),(203,180,'201788030312604'),(204,195,'3546232852817810'),(205,329,'5007667369394711'),(206,209,'3577774837868998'),(207,164,'3535744520113912'),(208,491,'3555737088363254'),(209,122,'201686702504856'),(210,485,'5440017202587953'),(211,376,'5610803925936237'),(212,15,'5602242537074863330'),(213,69,'5602217708675500'),(214,47,'4903235753098402458'),(215,119,'3585796055525083'),(216,409,'6333539996420606475'),(217,120,'5100135278801297'),(218,342,'3551812559405811'),(219,398,'677150111945563201'),(220,232,'5602234583565665768'),(221,13,'376591283016024'),(222,297,'3574666379868704'),(223,299,'3577030719044103'),(224,22,'3550016439845896'),(225,231,'3567345046829642'),(226,272,'5048377787505804'),(227,153,'3588717323619893'),(228,181,'5108750531442085'),(229,275,'5602221290327058'),(230,9,'3585191946670845'),(231,435,'3543359292787551'),(232,361,'3580709822179766'),(233,126,'201830594075027'),(234,474,'3535158056668746'),(235,390,'5364028237285978'),(236,29,'4405293570842827'),(237,9,'6709481589005593579'),(238,160,'3571841192053882'),(239,402,'56022137322597515'),(240,198,'5602236364996539'),(241,231,'3584007571864514'),(242,1,'337941558220207'),(243,455,'3556417297428573'),(244,324,'5415199214990846'),(245,460,'5002350161817008'),(246,37,'3560337466146919'),(247,351,'6331103836491943'),(248,40,'4175005232671594'),(249,358,'675943242532907448'),(250,21,'3540441492900722'),(251,481,'6771438486088939'),(252,22,'3536095068545752'),(253,101,'3569627351444754'),(254,234,'3564104942603400'),(255,302,'6304384572082830'),(256,345,'6373683662566032'),(257,383,'3533581398381839'),(258,391,'589309249188085461'),(259,338,'3582785166808309'),(260,434,'3579833760924109'),(261,299,'5108750135176840'),(262,144,'30028875661584'),(263,330,'3528965621336032'),(264,365,'3562036455463917'),(265,352,'376321509273690'),(266,139,'50380169338205931'),(267,282,'3539922707312186'),(268,280,'5602236543967948'),(269,19,'3580397744502040'),(270,332,'4903120398121497'),(271,405,'3558105649280432'),(272,95,'3530816332888322'),(273,107,'4405161239225876'),(274,141,'5100179826082208'),(275,70,'3547583285380068'),(276,363,'4175006716331283'),(277,385,'30053643418539'),(278,282,'4913362727212641'),(279,82,'3585547769114346'),(280,256,'3586503074416164'),(281,186,'3556469979615068'),(282,393,'3544875062936010'),(283,363,'4936715106452520390'),(284,148,'3589925052388601'),(285,293,'3577748781996294'),(286,407,'3583608241197317'),(287,398,'337941993523769'),(288,121,'5641826712832254'),(289,94,'3586831459842229'),(290,499,'3569664889661617'),(291,34,'4175003348527958'),(292,246,'5108753043388879'),(293,462,'3554148241518456'),(294,418,'6706218732844545'),(295,126,'4903282415833379'),(296,56,'6386388864784749'),(297,484,'337941532775177'),(298,387,'676139164382854342'),(299,288,'3565497290566537'),(300,265,'50208967381299101'),(301,500,'4017956671815856'),(302,17,'4275582027819819'),(303,19,'30481136596844'),(304,223,'5002352352208070'),(305,205,'201939631354152'),(306,87,'3577347438162762'),(307,152,'5020558689342839601'),(308,350,'5100171603752293'),(309,166,'3534028860706373'),(310,78,'3541450825303313'),(311,271,'3544051418928438'),(312,14,'3577643467066480'),(313,78,'3581692663529696'),(314,397,'5002351611889191'),(315,491,'30375418397774'),(316,280,'502055179992039306'),(317,423,'5317463226840897'),(318,309,'6392070310381146'),(319,434,'3545732576901015'),(320,73,'4913905909498337'),(321,298,'4041598042436697'),(322,164,'5100147488223667'),(323,92,'3530709833675498'),(324,356,'3575788775376295'),(325,326,'56109016656567763'),(326,495,'633402492868633638'),(327,14,'3565020771396032'),(328,479,'5392199710671194'),(329,102,'56105471666976658'),(330,270,'3581152559915947'),(331,142,'30498111728986'),(332,430,'633313541239349353'),(333,315,'4041370286908'),(334,300,'3588024300300294'),(335,431,'560225685039647706'),(336,217,'5593884901937382'),(337,78,'3542563323962676'),(338,459,'633110237141445125'),(339,376,'6397776334909820'),(340,446,'3529616139888548'),(341,127,'4041599754159642'),(342,435,'3582484379558337'),(343,221,'67632468601760279'),(344,247,'374622113443708'),(345,229,'633451120504188937'),(346,172,'201679399386851'),(347,167,'5491682879730794'),(348,367,'30410326188450'),(349,418,'4508114314020247'),(350,399,'3567317680008981'),(351,214,'5610833518237941'),(352,101,'4913122297757338'),(353,192,'4905537274959908848'),(354,242,'30463514113996'),(355,330,'3547135079582399'),(356,72,'4903123211451455923'),(357,100,'3543323131839379'),(358,316,'4905601635092129198'),(359,210,'5454074940919876'),(360,395,'5602239715606997'),(361,480,'3542359474928073'),(362,468,'3555442135595012'),(363,291,'4026953899738357'),(364,150,'3579477010452436'),(365,65,'3548286746589132'),(366,217,'4508735633954334'),(367,156,'3566810041903123'),(368,64,'6759342520587573'),(369,279,'5007667859847459'),(370,244,'3535003214144380'),(371,369,'5602249548717552282'),(372,218,'6396466273793796'),(373,158,'30152180374889'),(374,5,'4017956954838'),(375,27,'3533323087526378'),(376,364,'3571670887441098'),(377,242,'372301235603406'),(378,224,'6379696941491081'),(379,485,'3528289587573052'),(380,121,'67590035622128842'),(381,136,'490518675975377208'),(382,59,'3581582935468619'),(383,1,'6709528163718605'),(384,369,'5020941584017685'),(385,415,'5048378686630271'),(386,339,'5435445966249568'),(387,442,'3554524646335227'),(388,158,'3570881794167178'),(389,241,'5285394954150704'),(390,341,'3546341380518657'),(391,67,'4041374201838'),(392,456,'3557341788013661'),(393,174,'30267886740272'),(394,298,'30399290331446'),(395,496,'63046496994424509'),(396,151,'3554767338253394'),(397,437,'5018080204086618186'),(398,250,'201594615038089'),(399,474,'3553993898422176'),(400,364,'3529132312420661'),(401,149,'5473264453409921'),(402,158,'3551271689488249'),(403,223,'3559616549186379'),(404,222,'3564124809683469'),(405,163,'5602222753156802'),(406,457,'5038392033924321'),(407,55,'4913854331401487'),(408,90,'3577325899164105'),(409,182,'3581410211635430'),(410,42,'3586191385106862'),(411,459,'3580389713343639'),(412,500,'4367907039035'),(413,431,'4844233198315813'),(414,218,'5602246182297442483'),(415,149,'3571963132760994'),(416,257,'3536395194671385'),(417,157,'670986710483056802'),(418,219,'3556589080834967'),(419,270,'3579711450015935'),(420,180,'3553600201539683'),(421,302,'4913981139821820'),(422,470,'3569705952251867'),(423,38,'4009335944077'),(424,218,'5602210503084127'),(425,25,'490380445361595218'),(426,235,'30225963366585'),(427,330,'30173677520974'),(428,249,'5583227326307090'),(429,246,'0604927106876257'),(430,474,'5010123503559871'),(431,159,'201957881779357'),(432,292,'6771725779190301526'),(433,228,'3539643349561226'),(434,474,'58933787317291765'),(435,373,'3572186907007180'),(436,160,'3588179461102382'),(437,162,'3577049723896688'),(438,131,'5602242405348706'),(439,482,'675927288439259243'),(440,191,'3564588284453137'),(441,183,'5100142080862509'),(442,235,'5641821456471930'),(443,67,'3544742939148676'),(444,241,'5602220731228321'),(445,382,'3564652746574813'),(446,137,'201675753232996'),(447,291,'5548967866109372'),(448,475,'5500784224413230'),(449,470,'3585388774090811'),(450,309,'3553798970226977'),(451,230,'201639125851883'),(452,66,'3566022551990298'),(453,304,'3536330874801762'),(454,418,'6394600587869510'),(455,195,'3528624481530289'),(456,336,'5610582419052202'),(457,317,'5100171395930362'),(458,10,'30123423152739'),(459,157,'490323365245924923'),(460,106,'3583229702908280'),(461,225,'676104785188705428'),(462,115,'5048377764349457'),(463,7,'3578332138925147'),(464,349,'3549258634999060'),(465,20,'4913587570256051'),(466,297,'3588676528112627'),(467,32,'5602254711033732'),(468,24,'3575807451175225'),(469,162,'30128192191008'),(470,435,'3588410290400592'),(471,369,'3545398367104639'),(472,70,'490507101660015378'),(473,196,'6304243309753399502'),(474,52,'5602214074719909454'),(475,125,'337941770969458'),(476,43,'3539185064831681'),(477,338,'3542113266212752'),(478,486,'56022266379799474'),(479,274,'5007662279569809'),(480,55,'4917120809461163'),(481,308,'30218304974621'),(482,447,'3528032980906168'),(483,188,'3539174721802467'),(484,249,'4917904166072725'),(485,356,'201569310471124'),(486,333,'3550071756540463'),(487,283,'3562250527263789'),(488,419,'3559957598049104'),(489,36,'3536140280461816'),(490,189,'3531265898431607'),(491,32,'372301584830634'),(492,40,'3534766596682679'),(493,93,'3581453010909374'),(494,206,'56022283639349966'),(495,466,'6706396589622089'),(496,70,'3538469125575607'),(497,281,'3563317160965506'),(498,482,'3579974170207766'),(499,431,'5002353516283744'),(500,55,'4844662844581610'),(501,84,'6761768586745759291'),(502,238,'3578038000431151'),(503,73,'503802642191074295'),(504,48,'4903351214829530'),(505,359,'374622312641003'),(506,125,'3583511562599642'),(507,469,'67627486698749259'),(508,299,'3551834408756582'),(509,35,'3587736483649350'),(510,170,'3583486187408141'),(511,21,'30097342745049'),(512,184,'3558464514855897'),(513,377,'3589537713014409'),(514,373,'060476721608643615'),(515,122,'3585778493106718'),(516,224,'5539148418900235'),(517,300,'6304987665425609226'),(518,38,'3532382935553217'),(519,462,'201706623090957'),(520,45,'201793598290184'),(521,209,'343917039906764'),(522,500,'3542245036212868'),(523,220,'5455074724363399'),(524,39,'374622498225480'),(525,424,'3568169673274198'),(526,283,'3547721312732675'),(527,291,'5100148422613740'),(528,381,'5641826673358752'),(529,184,'5610077208331461'),(530,98,'3579998772543278'),(531,260,'6370798034669075'),(532,327,'3552310140639807'),(533,96,'3557713646649888'),(534,294,'3578114762521230'),(535,255,'5582794930619690'),(536,403,'6370429211488556'),(537,409,'5289410471406977'),(538,320,'3529107073890963'),(539,269,'6761288151797732'),(540,440,'3543645684585342'),(541,223,'560221724883375520'),(542,435,'201875895553099'),(543,397,'3535062324209608'),(544,281,'201819868780842'),(545,236,'3551493443266626'),(546,469,'3559517821180876'),(547,176,'5020351668275326'),(548,172,'3560258124777699'),(549,337,'3552115154299871'),(550,232,'3555671158803842'),(551,199,'56022395803703883'),(552,389,'3555302578541123'),(553,301,'3530777153221250'),(554,297,'344865808992482'),(555,321,'060475375590763732'),(556,123,'493656290911118082'),(557,302,'3531985696827702'),(558,176,'3551229728777899'),(559,288,'3580618458466076'),(560,153,'374283298804253'),(561,334,'201878313494136'),(562,192,'3587923309677357'),(563,462,'5446291783461672'),(564,151,'3550792480309921'),(565,132,'4963539694395447'),(566,490,'374622740143010'),(567,496,'3583288012163630'),(568,237,'201983214817870'),(569,332,'5610286422167458'),(570,264,'560221008986287828'),(571,439,'3587930497511397'),(572,274,'6392336140122251'),(573,177,'3549096782471841'),(574,340,'371433360878262'),(575,77,'4844231528021143'),(576,214,'377261073684733'),(577,200,'337941278507214'),(578,75,'630453986990082907'),(579,493,'5434702934772209'),(580,4,'3529781572762517'),(581,211,'3586755671988256'),(582,103,'5100134427228809'),(583,429,'6392626875679867'),(584,54,'3589008944814546'),(585,103,'30213110912139'),(586,68,'67069824615263696'),(587,151,'5610391433813270'),(588,132,'5100130397245716'),(589,180,'3586002170282117'),(590,480,'4026110417793154'),(591,28,'3550285252856757'),(592,108,'56022339310300742'),(593,243,'3556273807582791'),(594,486,'5038604219552662'),(595,269,'4936436921515002279'),(596,8,'06040875190240642'),(597,33,'3576627400488373'),(598,174,'5602231979715788'),(599,159,'5100146301638481'),(600,359,'4917935120719787'),(601,122,'5581629423152760'),(602,197,'347184240033500'),(603,132,'374288804103231'),(604,340,'5602237092465292'),(605,424,'3529368533478696'),(606,45,'36334373984690'),(607,490,'3573442370900511'),(608,492,'3568468734409961'),(609,12,'374283829758580'),(610,31,'5602240194242551'),(611,132,'6709811783052746922'),(612,101,'6767984641504248708'),(613,207,'6304569749835983'),(614,130,'201598271333288'),(615,258,'374283169738382'),(616,381,'30027057594753'),(617,23,'3588513844689717'),(618,399,'3582365207283281'),(619,479,'3576143513144390'),(620,209,'5602215732645713'),(621,250,'3576681020017377'),(622,63,'3582478103758288'),(623,76,'5602253453844611'),(624,488,'6771823063852778862'),(625,62,'201785932057949'),(626,265,'3545858517520190'),(627,264,'3575633139818006'),(628,283,'3568097211014273'),(629,452,'56022217484124587'),(630,22,'3535532451788541'),(631,79,'670609950597193813'),(632,212,'3570102157799287'),(633,490,'3537593907832745'),(634,105,'3573832708739997'),(635,104,'3572353494144632'),(636,416,'5610564152030418444'),(637,81,'346653927974104'),(638,107,'3567546184240993'),(639,151,'3589941811279239'),(640,112,'3538719682500335'),(641,479,'3529828330795741'),(642,291,'5434396238486838'),(643,304,'201735708392194'),(644,51,'5602227643373319'),(645,248,'6372559048336970'),(646,95,'3546984043255827'),(647,201,'564182999700896218'),(648,356,'670914086251041301'),(649,166,'3579442100053205'),(650,327,'4905373751710013684'),(651,65,'4041375363863688'),(652,497,'3554775625782744'),(653,270,'060471117907279570'),(654,476,'3541793080159742'),(655,125,'4905767737204273'),(656,243,'560224054756478285'),(657,432,'676759650378942546'),(658,126,'3531389438477720'),(659,98,'4913517083448374'),(660,385,'633110273200137592'),(661,294,'3567979636122792'),(662,88,'349518515362508'),(663,407,'30219168771004'),(664,478,'3532158481929526'),(665,431,'676213071942128076'),(666,200,'3582190199656231'),(667,65,'3580243284832217'),(668,169,'6771828688586344'),(669,56,'3551372817269129'),(670,195,'379882967401047'),(671,136,'4041373916469'),(672,217,'374283503820425'),(673,135,'30264389909736'),(674,434,'3529707552258952'),(675,373,'5602251734178171'),(676,163,'201689400558075'),(677,350,'6334509646307834369'),(678,428,'3589079993241006'),(679,77,'3589395602790260'),(680,298,'6761755307218433'),(681,318,'4026594813713421'),(682,108,'3571789441542231'),(683,212,'4917434520964425'),(684,146,'5002356384961903'),(685,366,'3565326147236350'),(686,103,'3570369241990285'),(687,345,'3581669762965062'),(688,482,'675990481627782595'),(689,195,'67099238781370504'),(690,140,'4017956489488'),(691,453,'5610914366590886'),(692,390,'5108753140808209'),(693,92,'6304226741152179005'),(694,234,'3555664155009315'),(695,121,'3554828895145173'),(696,349,'670908089557958390'),(697,139,'3538250367356280'),(698,381,'6394285075307460'),(699,400,'3549976421345110'),(700,238,'379964148468036'),(701,374,'4041378600571627'),(702,105,'5602216803893216'),(703,351,'3567088128924101'),(704,368,'3538594688781548'),(705,87,'4026925700529852'),(706,462,'3552734530718733'),(707,457,'4590800628578339'),(708,470,'3553842655840452'),(709,474,'5100172377965475'),(710,188,'3571269071737708'),(711,113,'4175008065501334'),(712,343,'4844945562468908'),(713,444,'5531982840865246'),(714,131,'3540024890851489'),(715,320,'5007661065932759'),(716,462,'201756976598858'),(717,422,'3549276401130123'),(718,242,'4917656412691498'),(719,397,'201931971232197'),(720,87,'30508547559126'),(721,100,'30286517351713'),(722,487,'201873843299667'),(723,379,'337941164833971'),(724,327,'372301919106924'),(725,498,'3565397731040169'),(726,60,'30101889982658'),(727,221,'36609383905169'),(728,80,'3540683397627062'),(729,333,'30219096054093'),(730,383,'3568254383516151'),(731,367,'3574103924879358'),(732,333,'4041376109740'),(733,74,'374288546305144'),(734,338,'3585951037625937'),(735,180,'3579827423862268'),(736,461,'3563014139643112'),(737,26,'4905100837489018'),(738,27,'67596089960735969'),(739,265,'3557812486780710'),(740,199,'5002358887469749'),(741,392,'4858849638991'),(742,336,'3561127788691372'),(743,221,'676348972829651015'),(744,123,'5002357678912529'),(745,263,'3562369460071106'),(746,61,'3547693290919055'),(747,23,'5108759953646669'),(748,493,'3529402203071018'),(749,225,'560224677112272693'),(750,215,'5602252181579713'),(751,247,'5100143073710234'),(752,409,'4041592105498033'),(753,391,'060423012895986006'),(754,401,'5108756975023778'),(755,448,'3537595675315092'),(756,156,'5472112253939160'),(757,67,'5280682737632286'),(758,117,'561046431273559470'),(759,480,'4508284147045503'),(760,325,'3547886760414017'),(761,421,'5048370012451043'),(762,340,'3589922652314830'),(763,220,'3534743881337319'),(764,500,'4508859578586370'),(765,446,'3564580518946747'),(766,378,'5602255540859643'),(767,60,'675992543831624596'),(768,351,'4748504458611431'),(769,265,'3546510036466533'),(770,247,'3538200067518796'),(771,377,'3544776933595755'),(772,415,'6763497232947775272'),(773,318,'5403975579301974'),(774,410,'201780394664399'),(775,74,'3548153874779630'),(776,300,'3560320600381303'),(777,141,'5511889153463259'),(778,82,'3581931012785660'),(779,487,'3558458745720003'),(780,253,'564182697903393658'),(781,261,'4938046291859'),(782,69,'30115488820960'),(783,225,'3540614282624757'),(784,54,'5100178855119907'),(785,205,'3559568462674859'),(786,32,'6333950390227068446'),(787,371,'67626915504790223'),(788,462,'6334703011829994'),(789,193,'4175008023370186'),(790,479,'3557946875330214'),(791,149,'3554113169342016'),(792,285,'3562431030876818'),(793,166,'3565676910769098'),(794,261,'5602244578975695'),(795,95,'4041592469118'),(796,451,'201508835268839'),(797,240,'5602227323188862'),(798,190,'5602214248069419'),(799,221,'5641826285182868872'),(800,56,'5038864305935655509'),(801,42,'3584047876003236'),(802,419,'3573925216259530'),(803,40,'3558756500890808'),(804,43,'3564279513782831'),(805,295,'3534354048852347'),(806,222,'3547796368991987'),(807,25,'30459106217914'),(808,457,'5274877909328303'),(809,473,'5241781848867142'),(810,32,'5108758853351933'),(811,228,'3546325258878509'),(812,390,'3546209718970728'),(813,436,'3540810455244718'),(814,27,'371079176636244'),(815,400,'675961340547362752'),(816,139,'36109457995956'),(817,369,'3574784102673091'),(818,301,'67597740627984429'),(819,337,'3582624311164484'),(820,337,'633473265485672153'),(821,245,'3544904721918639'),(822,268,'3550383505537009'),(823,355,'201986535666835'),(824,492,'5602213591851308'),(825,156,'372301539308165'),(826,199,'3560938315219847'),(827,301,'3537970787977925'),(828,367,'3534352215024682'),(829,381,'5048371797825294'),(830,265,'5100132895231362'),(831,268,'3568160231583758'),(832,123,'67632916915833513'),(833,191,'4017952306074'),(834,361,'3559317555451555'),(835,59,'67599640636156761'),(836,277,'5018708032244979'),(837,7,'560225852076112057'),(838,500,'3573760111592424'),(839,259,'56022597603594582'),(840,173,'3531098855342842'),(841,381,'30524356343551'),(842,130,'3528117063890288'),(843,219,'63046307926339212'),(844,365,'5295560736220167'),(845,165,'3587838393165095'),(846,216,'3570216896871502'),(847,437,'4508143965796813'),(848,216,'3563850380776592'),(849,463,'5534048330510507'),(850,495,'3561824742423815'),(851,470,'374283241415363'),(852,495,'201621702843202'),(853,47,'5100170114096117'),(854,387,'5048374719796528'),(855,70,'3589705645949055'),(856,298,'30422769880790'),(857,357,'30321739918807'),(858,46,'4844348121516442'),(859,487,'5381366809975793'),(860,114,'3570097928758416'),(861,55,'6334601562858660433'),(862,235,'633314358039638706'),(863,60,'6304611417876343'),(864,304,'5100146203476816'),(865,70,'6771539285042387701'),(866,454,'3530119149983554'),(867,311,'201486529749200'),(868,4,'5010128639621685'),(869,388,'3546596932023346'),(870,157,'3588078258246719'),(871,28,'3556913703483152'),(872,396,'3548888555802728'),(873,142,'3551403525570845'),(874,239,'4026680259953306'),(875,21,'5018330287708853'),(876,368,'3539780162829270'),(877,368,'3561261950559511'),(878,133,'5482790383825488'),(879,7,'5284322183923451'),(880,285,'58938566116228870'),(881,147,'564182949134535809'),(882,45,'4905343863708943389'),(883,171,'3585192833332275'),(884,316,'50385053459425178'),(885,254,'5893569783751112001'),(886,435,'3576872805281706'),(887,358,'3564406554724121'),(888,383,'3551465068019837'),(889,161,'4917965187510621'),(890,48,'3560829070975741'),(891,138,'3548686694962241'),(892,6,'3564580684764296'),(893,221,'3573846422304847'),(894,454,'374283442881066'),(895,308,'6391460045233509'),(896,218,'30144691398135'),(897,330,'5002355420019932'),(898,353,'4041372793083'),(899,362,'4917563831902250'),(900,115,'3574215682388354'),(901,347,'6763996144851395730'),(902,384,'201935253719409'),(903,223,'201698893157972'),(904,280,'3562307315674757'),(905,81,'3533178363452040'),(906,36,'3568041437323621'),(907,197,'5602232117999755'),(908,112,'3582945694950946'),(909,355,'4017958003691'),(910,455,'4017955068778545'),(911,391,'501849343648855886'),(912,342,'3580831349256081'),(913,367,'6331103586411226977'),(914,463,'6333375114527716737'),(915,116,'3530949008960966'),(916,445,'633485686029375340'),(917,456,'374622589215515'),(918,457,'3571907791729246'),(919,28,'3550026459888270'),(920,330,'5108752355704608'),(921,359,'6374199640966995'),(922,35,'5602251193007424'),(923,120,'3558899408451909'),(924,491,'3552361451286670'),(925,101,'3541663190504170'),(926,13,'4844937766886407'),(927,316,'4405772988818834'),(928,209,'4017953081734'),(929,364,'58934488837078571'),(930,481,'5048378522196636'),(931,312,'5108757056067908'),(932,252,'3567722686354224'),(933,315,'3587181162834041'),(934,390,'50201186647781805'),(935,311,'5100137662652435'),(936,20,'5048376705604301'),(937,475,'201638679216261'),(938,341,'3574341696982105'),(939,447,'3584700484830057'),(940,67,'201635447238403'),(941,50,'5602236161326522327'),(942,82,'5454542840200589'),(943,4,'201504670146511'),(944,419,'3580835217539668'),(945,187,'50181733403122387'),(946,295,'50208471614632956'),(947,113,'3555053387483011'),(948,355,'3554132643339125'),(949,325,'67715237045003681'),(950,42,'3562799889736451'),(951,473,'633405392498646637'),(952,82,'5602244888998429'),(953,14,'5411941315135795'),(954,346,'3578874605927601'),(955,87,'3537529805579665'),(956,459,'3588645789435647'),(957,500,'3530595536593108'),(958,257,'5108759799282125'),(959,370,'5500187038718887'),(960,387,'3588923469070830'),(961,59,'3549937758032960'),(962,68,'3566026973123727'),(963,320,'5602212231879539'),(964,152,'374283388958761'),(965,123,'6706885611811744'),(966,337,'4405465021437692'),(967,299,'5602259489539729'),(968,475,'6759140204630317'),(969,375,'3560436178326510'),(970,219,'67618240538166484'),(971,396,'6763460630704187'),(972,217,'3531547568605150'),(973,377,'4405901438838742'),(974,420,'3553352808917785'),(975,291,'337941669761651'),(976,452,'4057162771711050'),(977,206,'6771820494989051'),(978,408,'30396209574827'),(979,376,'4026159796942700'),(980,482,'337941269781307'),(981,260,'5602246303411672'),(982,84,'6391269692470730'),(983,56,'372301017217102'),(984,487,'3542409286783149'),(985,382,'3573806309538891'),(986,133,'3564900650095154'),(987,457,'4917225749891997'),(988,330,'4508901783098369'),(989,288,'3544180372492006'),(990,449,'372301868423080'),(991,6,'3559742077509244'),(992,235,'4405189702822713'),(993,423,'5108757431720403'),(994,233,'4911061604297007295'),(995,357,'6759969227124951'),(996,137,'5610859550915441'),(997,293,'3540335050149484'),(998,131,'30536530406062'),(999,274,'3560350306270021'),(1000,15,'6331108908737717528'),(1001,268,'3567630556279738'),(1002,475,'3589825428739281'),(1003,222,'3559679161731062'),(1004,454,'3569814561578007'),(1005,69,'503893592315334192'),(1006,293,'3585757006745816'),(1007,282,'3582368939552569'),(1008,386,'3538941611725268'),(1009,96,'3588193834578699'),(1010,176,'3556955322797132'),(1011,218,'3550270271211994'),(1012,311,'3577271718688256'),(1013,330,'3539904488777563'),(1014,34,'3539606259554556'),(1015,236,'5641825724120446111'),(1016,339,'3578713799245125'),(1017,68,'5526328640198569'),(1018,190,'4041377571168710'),(1019,490,'3561652107355615'),(1020,17,'6371151688428555'),(1021,53,'3570876466202501'),(1022,439,'374622474016416'),(1023,69,'5602247162183386'),(1024,426,'30479286155213'),(1025,118,'3587629386414495'),(1026,234,'374288290599124'),(1027,295,'6334812669085207717'),(1028,102,'36745102731187'),(1029,231,'4006795155533'),(1030,216,'6767196226763953042'),(1031,196,'5010125711715559'),(1032,89,'3565964765249550'),(1033,335,'4917254287847880'),(1034,316,'3532823678338365'),(1035,200,'3570251528413605'),(1036,153,'4844399399177052'),(1037,309,'3566825429541881'),(1038,286,'6334124001631672'),(1039,82,'5602211522521784112'),(1040,222,'337941566773817'),(1041,254,'4041596786962'),(1042,471,'30018473417117'),(1043,28,'3531213432703735'),(1044,44,'502017019558868283'),(1045,219,'3573457319010016'),(1046,139,'490390738508104375'),(1047,475,'3561939007390259'),(1048,414,'337941821270948'),(1049,372,'4936921757750557'),(1050,291,'201953154496365'),(1051,109,'5530456651654156'),(1052,178,'6762014923006982298'),(1053,430,'3552473133406517'),(1054,188,'201709011086603'),(1055,473,'5893135106156394'),(1056,142,'5572026272212905'),(1057,280,'4041595925850'),(1058,90,'3575465961920463'),(1059,353,'3585661334857774'),(1060,275,'50203836547264769'),(1061,237,'3567746763461297'),(1062,263,'3564229573473490'),(1063,298,'3581725846823279'),(1064,481,'5602251908334592'),(1065,16,'30136994502017'),(1066,363,'3570131128926950'),(1067,47,'30368300968059'),(1068,298,'3574822482737043'),(1069,306,'3582926798689325'),(1070,54,'6304292597889842'),(1071,383,'3572612323216691'),(1072,164,'4017954789376'),(1073,415,'372301419063047'),(1074,152,'5641827386937668'),(1075,410,'3578296418818266'),(1076,364,'3589017288431858'),(1077,77,'5038741835971114'),(1078,226,'3577589093373016'),(1079,240,'5136782489834597'),(1080,388,'5602243386830829'),(1081,481,'3543870670274681'),(1082,353,'5197271642378144'),(1083,166,'3587519718383627'),(1084,73,'5602246974033490'),(1085,210,'4917187973008575'),(1086,172,'4017957867856'),(1087,485,'3586366830344777'),(1088,10,'56022214700003828'),(1089,347,'5100140203399185'),(1090,184,'633399045531486613'),(1091,404,'3567329087161552'),(1092,59,'3539823881470453'),(1093,186,'676386453969386400'),(1094,465,'3570470477217854'),(1095,70,'3546925077840042'),(1096,298,'3587546664477442'),(1097,252,'201694203166589'),(1098,56,'4936089684993052'),(1099,238,'3546872763456610'),(1100,24,'676321855690468463'),(1101,488,'560221375017609654'),(1102,211,'6392528348240709'),(1103,318,'4026821196654991'),(1104,213,'3546906370756440'),(1105,272,'5610422138134587'),(1106,406,'5522570842748147'),(1107,244,'3542360482934061'),(1108,326,'3556917734763573'),(1109,81,'3551302348322402'),(1110,297,'5100171949771965'),(1111,214,'30320083039590'),(1112,418,'3569960906931342'),(1113,298,'3573630271654118'),(1114,54,'374622686088369'),(1115,290,'5007660308882003'),(1116,107,'5610813614452065'),(1117,144,'3585145640284253'),(1118,353,'4844563872570493'),(1119,160,'5460745261389805'),(1120,278,'5435340274568751'),(1121,88,'349245097994918'),(1122,141,'3576221307578609'),(1123,483,'3542647232230331'),(1124,320,'3576989602538979'),(1125,161,'3542817199033727'),(1126,324,'201718132058946'),(1127,338,'5568423034671161'),(1128,202,'3529798971562579'),(1129,422,'3583267408277428'),(1130,126,'3556447300062036'),(1131,439,'3528360511781382'),(1132,256,'4405241653821143'),(1133,209,'5412771494362681'),(1134,186,'0604614516256862'),(1135,210,'5893420605443440996'),(1136,264,'3571488235357761'),(1137,241,'3569549244848795'),(1138,165,'5511330994747600'),(1139,159,'3586416028407546'),(1140,484,'36519555332326'),(1141,462,'56022387401702805'),(1142,370,'3573322099963109'),(1143,172,'675926726500503396'),(1144,436,'3588507423729803'),(1145,178,'5602248906987355'),(1146,450,'201550655912096'),(1147,229,'6767842953609799531'),(1148,114,'5475142937394570'),(1149,303,'3566081699416053'),(1150,469,'4041374047889110'),(1151,107,'670943323460707991'),(1152,459,'3535969102247347'),(1153,206,'3533546529690291'),(1154,339,'490566395982406491'),(1155,364,'5048371013339484'),(1156,73,'3571275613062075'),(1157,256,'5020552682529081'),(1158,11,'5100141835007873'),(1159,39,'4911229839027971'),(1160,173,'3554620965459471'),(1161,12,'3533337826915122'),(1162,298,'5048379215186553'),(1163,454,'5893982635908246265'),(1164,455,'3554974713353654'),(1165,104,'3581249122075082'),(1166,427,'5602210709976605'),(1167,290,'4913285062605964'),(1168,264,'560225455668856576'),(1169,398,'3538992988775022'),(1170,256,'3533685373170016'),(1171,139,'6334625889643191'),(1172,339,'201663653250706'),(1173,252,'3589451967739853'),(1174,466,'5602244912509184'),(1175,356,'3543593895873141'),(1176,260,'3587127684985977'),(1177,248,'374288393564470'),(1178,348,'3561545676724452'),(1179,244,'4911362070061324'),(1180,115,'5048372581277841'),(1181,18,'67091430420724898'),(1182,219,'4026386767476901'),(1183,36,'3571815070944669'),(1184,493,'3535960922902922'),(1185,439,'67593223884642471'),(1186,67,'201529615715211'),(1187,245,'3581434935539173'),(1188,4,'201626163923328'),(1189,171,'3588642216889538'),(1190,277,'6771787578326114265'),(1191,40,'0604684502062439200'),(1192,34,'5595073649022206'),(1193,138,'3539394583892188'),(1194,204,'3569785194927185'),(1195,431,'3530300561375111'),(1196,40,'3569972190068830'),(1197,467,'3542472383955515'),(1198,382,'375788290813374'),(1199,462,'374622894817468'),(1200,303,'5610638374208784025'),(1201,201,'3565000290311449'),(1202,43,'36659465512540'),(1203,212,'3573074439170420'),(1204,166,'4508387763417433'),(1205,150,'3585917220455861'),(1206,171,'3530489390951232'),(1207,155,'201788856630303'),(1208,478,'4844224783898693'),(1209,366,'337941797401196'),(1210,57,'5641827824912802'),(1211,83,'3541060871336180'),(1212,323,'374283863405486'),(1213,453,'3543833414393977'),(1214,427,'3587588833374787'),(1215,302,'3587621838569158'),(1216,52,'3581849911212737'),(1217,479,'3584979455532880'),(1218,107,'633448753145755551'),(1219,95,'201735468677552'),(1220,395,'5602224854740266604'),(1221,157,'3539649744471101'),(1222,133,'5020049405999295'),(1223,90,'3571663514309424'),(1224,260,'6331105216192629'),(1225,426,'3579243947243151'),(1226,238,'3532343899060763'),(1227,404,'3565788865604905'),(1228,449,'4026289092383026'),(1229,199,'4637002784665969'),(1230,75,'3569852765154878'),(1231,448,'3536020088269779'),(1232,309,'560224011560132268'),(1233,82,'201926295649175'),(1234,430,'3562535442294186'),(1235,451,'4026423682424391'),(1236,436,'5108750171270564'),(1237,48,'5524896444890898'),(1238,263,'5610026163082742'),(1239,123,'67067683358555102'),(1240,128,'56022513456539194'),(1241,162,'5245316109957609'),(1242,130,'3585643701932380'),(1243,106,'5602255038624301'),(1244,391,'201578158726358'),(1245,225,'6761857285617824596'),(1246,57,'3541559540274540'),(1247,325,'5602227338383243'),(1248,398,'3554946809647322'),(1249,201,'3536249267759363'),(1250,468,'6392952887341399'),(1251,146,'3538277636213042'),(1252,481,'6333385079204905'),(1253,40,'6759209601103903'),(1254,299,'6767025443904419'),(1255,231,'5038679282347893'),(1256,298,'5610690932381055'),(1257,215,'3548792421540068'),(1258,337,'374622055201833'),(1259,158,'375315028269875'),(1260,278,'3528717694403482'),(1261,475,'374288130935264'),(1262,192,'337941611300897'),(1263,159,'4403250561722766'),(1264,456,'56106214405532104'),(1265,399,'490517958301678577'),(1266,14,'3569449924657758'),(1267,260,'3573160832149655'),(1268,414,'30100322069826'),(1269,64,'3556044665176459'),(1270,312,'4175002660280733'),(1271,451,'3536075568262421'),(1272,173,'4936175523353813984'),(1273,18,'6334050812220993'),(1274,489,'5602253081364677'),(1275,359,'5239758441628323'),(1276,314,'3564630462411121'),(1277,297,'67615462649186622'),(1278,223,'4508976377384268'),(1279,151,'3553941225224336'),(1280,427,'5602231793058964080'),(1281,82,'5274317331052890'),(1282,252,'3529126920768545'),(1283,437,'30463904766114'),(1284,268,'561022244601786311'),(1285,140,'5020468474331471'),(1286,367,'3566989018957435'),(1287,341,'670636810971985183'),(1288,394,'201761439167531'),(1289,419,'201698578524058'),(1290,42,'30138234708925'),(1291,199,'3547400814412926'),(1292,446,'5048371358279063'),(1293,489,'3585270370702777'),(1294,119,'5602236677845878'),(1295,300,'63046853811271572'),(1296,86,'4510038769499083'),(1297,354,'3573654380033782'),(1298,447,'3542736558893440'),(1299,194,'5178077277034305'),(1300,169,'3562750712136682'),(1301,31,'5007660144265660'),(1302,428,'3555415024709258'),(1303,210,'6334866449783511'),(1304,47,'3554250137119199'),(1305,83,'4041591901059684'),(1306,403,'5597522147202395'),(1307,329,'3570090419734442'),(1308,259,'3582047393112009'),(1309,18,'3572866897411522'),(1310,59,'30246512488472'),(1311,126,'5602214073502682'),(1312,452,'630489405344570770'),(1313,3,'201407954851089'),(1314,335,'5602251832174742'),(1315,19,'5010121684555940'),(1316,157,'4017954567145'),(1317,420,'5602229300660699'),(1318,89,'201618416364236'),(1319,381,'3582565918930746'),(1320,297,'5038043556938061'),(1321,276,'5007669138633023'),(1322,180,'50181710887918019'),(1323,365,'3530037609669952'),(1324,489,'4936254801412879'),(1325,114,'6706521426772139195'),(1326,120,'3530495809928935'),(1327,368,'3549526484576273'),(1328,488,'3572627383886787'),(1329,60,'3534126209235045'),(1330,227,'3552768125215135'),(1331,290,'5002356843038145'),(1332,341,'3581048836385963'),(1333,413,'201726482883284'),(1334,221,'3573977113952006'),(1335,372,'201803669807244'),(1336,407,'56107279500195700'),(1337,370,'060426562584250152'),(1338,450,'36449985597746'),(1339,232,'3571643168490514'),(1340,329,'3528968290243042'),(1341,17,'490347521061071163'),(1342,218,'3535333466865790'),(1343,463,'5602210960273001148'),(1344,239,'3573243497332301'),(1345,27,'3559614840665100'),(1346,236,'4017959638537'),(1347,87,'3569646251789506'),(1348,471,'3539872533040016'),(1349,382,'3541989968035125'),(1350,396,'3537762967269979'),(1351,185,'3568025955676247'),(1352,341,'3584388938190920'),(1353,51,'4913951335758217'),(1354,9,'30039084466608'),(1355,372,'3551689747466602'),(1356,253,'560222525291887496'),(1357,334,'5602250465626333'),(1358,145,'5589254248067622'),(1359,159,'3578387078932453'),(1360,414,'4026935656480232'),(1361,17,'4405505525785227'),(1362,64,'3545826867384756'),(1363,215,'6767301689268532'),(1364,47,'30345665897073'),(1365,215,'677170578015418241'),(1366,311,'3549578834328525'),(1367,259,'67614747609203370'),(1368,394,'5602253678907243'),(1369,408,'30095776669750'),(1370,317,'5575487909284914'),(1371,488,'6763190473052230055'),(1372,395,'3560755835966107'),(1373,28,'30441961477841'),(1374,281,'201400249400754'),(1375,365,'201654953091379'),(1376,185,'3585922994860015'),(1377,58,'490539250149084646'),(1378,111,'5602258064584472'),(1379,165,'372301724648771'),(1380,317,'3534540734309317'),(1381,469,'50207469015133559'),(1382,347,'372301045547553'),(1383,197,'56108737487043127'),(1384,175,'3586825447129848'),(1385,293,'5602248179529991'),(1386,461,'3548768568445535'),(1387,407,'3533966945927343'),(1388,498,'56022103998267080'),(1389,305,'3565744036944068'),(1390,165,'5470696510174340'),(1391,301,'371132537509897'),(1392,483,'374288124611251'),(1393,10,'4903195512892124231'),(1394,26,'677169284550569232'),(1395,147,'3560887992265617'),(1396,344,'201657395556966'),(1397,301,'633110567278708139'),(1398,143,'5641828503550962'),(1399,257,'3567545635992491'),(1400,367,'5602236476526968'),(1401,482,'3586115767425160'),(1402,244,'30536661742772'),(1403,445,'4905614552192974131'),(1404,178,'5610113886362112'),(1405,263,'3587767588389089'),(1406,46,'3539274518690206'),(1407,17,'6771894922652730'),(1408,240,'201862789904745'),(1409,216,'5610177617839094'),(1410,400,'3578573597091976'),(1411,43,'6709019785902915938'),(1412,297,'3529993014658126'),(1413,370,'3589619494103591'),(1414,153,'3584371922023257'),(1415,100,'6333925540624452'),(1416,426,'3545874579727789'),(1417,30,'3533030220124843'),(1418,253,'58933444639961457'),(1419,128,'201452914622014'),(1420,14,'3573278130075222'),(1421,360,'50189474053593716'),(1422,365,'5020706062261364'),(1423,370,'3576393650018390'),(1424,367,'30359155227592'),(1425,457,'5602219555346250'),(1426,343,'3568580830495767'),(1427,260,'6378104213881577'),(1428,481,'3580323003386073'),(1429,26,'3577459171197689'),(1430,428,'201799968689483'),(1431,265,'3528022398935875'),(1432,61,'3562807769730450'),(1433,447,'5010127078510193'),(1434,71,'4041376703731072'),(1435,80,'589320132069344535'),(1436,318,'4175009994157073'),(1437,236,'3545232886536858'),(1438,207,'3569655913848527'),(1439,419,'374288382873148'),(1440,349,'4913163862443052'),(1441,167,'3580101706307822'),(1442,184,'3543007763844548'),(1443,115,'3558615502750289'),(1444,271,'561051875100075450'),(1445,488,'30317164841092'),(1446,167,'5100139252493584'),(1447,121,'6375838625461386'),(1448,379,'4911619446355221'),(1449,34,'5602227572362713'),(1450,319,'3550162906379553'),(1451,141,'337941693109976'),(1452,149,'3583055980849809'),(1453,380,'5423896562985209'),(1454,9,'3555953877568363'),(1455,456,'3556950985912482'),(1456,148,'5048373239432283'),(1457,89,'4384270736148641'),(1458,100,'4405017966697002'),(1459,10,'630448323152490918'),(1460,252,'3546381265032663'),(1461,149,'4911794471103976'),(1462,17,'676337647845185551'),(1463,360,'3528109541817777'),(1464,119,'5456896043274520'),(1465,487,'6763532489957627'),(1466,443,'676706497912416577'),(1467,164,'3583306473969459'),(1468,480,'5412277027361547'),(1469,281,'5602252410120840412'),(1470,482,'3548102035683033'),(1471,52,'3567461735533153'),(1472,115,'3544300938828481'),(1473,266,'56022408216987660'),(1474,93,'3549743336136285'),(1475,444,'50187995316083535'),(1476,209,'3558982458743787'),(1477,470,'5048378352654522'),(1478,178,'3567098109129786'),(1479,239,'201452483907630'),(1480,141,'201682564718015'),(1481,355,'3589200122915530'),(1482,126,'6393130256124493'),(1483,131,'491192732519145640'),(1484,447,'4913377547776526'),(1485,448,'3537926069126029'),(1486,215,'5100174217360073'),(1487,267,'5010126840721856'),(1488,202,'3560843682576185'),(1489,243,'3585368542412620'),(1490,283,'5570667091899166'),(1491,36,'4320361331588'),(1492,215,'6334330794112966'),(1493,221,'5602253736620812'),(1494,197,'201652958545381'),(1495,410,'373576174315042'),(1496,382,'4913764522233096'),(1497,328,'5602253364824538'),(1498,30,'56105044377093251'),(1499,397,'3558495585135058'),(1500,249,'3551354087857627'),(1501,279,'6759413326195532523'),(1502,134,'5038292670770880'),(1503,137,'3572351466979027'),(1504,169,'6380516201437094'),(1505,12,'3588905477887982'),(1506,372,'5438000717342365'),(1507,389,'3570883686518732'),(1508,494,'560221857303373525'),(1509,428,'4844474317706504'),(1510,117,'3588225333589353'),(1511,28,'6761295535655646149'),(1512,409,'3547546733590216'),(1513,58,'5048378030558327'),(1514,270,'3566989279565976'),(1515,279,'502080142531561247'),(1516,108,'3544739800472607'),(1517,292,'374283375020765'),(1518,331,'3536912770028689'),(1519,135,'3588987291264382'),(1520,260,'5602236242845601'),(1521,246,'0604821013252377279'),(1522,237,'201826480688428'),(1523,93,'5602227261438626'),(1524,126,'3552162095600387'),(1525,495,'67595794191937794'),(1526,20,'6304857474550550488'),(1527,487,'3561976273899647'),(1528,177,'201688909207895'),(1529,65,'3556673678780467'),(1530,26,'5010126182271940'),(1531,95,'3541895384848217'),(1532,243,'3548392566914739'),(1533,93,'5361010808403878'),(1534,450,'3583710436598588'),(1535,155,'5602227145476560'),(1536,292,'564182108274032743'),(1537,453,'30255854748906'),(1538,450,'5100133218921440'),(1539,27,'4405166928381773'),(1540,481,'6709354684539449523'),(1541,248,'675911115463629199'),(1542,175,'6331107925802761208'),(1543,218,'4391686056829406'),(1544,46,'201539196581841'),(1545,295,'560221739581887956'),(1546,16,'3539667714329356'),(1547,43,'3549231351335081'),(1548,167,'3568446994237249'),(1549,269,'374288426760723'),(1550,320,'5007666924975469'),(1551,369,'3552675501767995'),(1552,300,'3537916978748617'),(1553,402,'676279775547120749'),(1554,159,'3587374201006792'),(1555,179,'201870329390010'),(1556,458,'4508963539292134'),(1557,419,'4917223924039623'),(1558,179,'201597336443272'),(1559,497,'4936135626844637935'),(1560,412,'3553179556336763'),(1561,105,'201453629616531'),(1562,337,'6390091124172598'),(1563,269,'3541463103211652'),(1564,100,'5478320964943991'),(1565,245,'5470378552236713'),(1566,299,'3573695259893889'),(1567,86,'3588376022100067'),(1568,451,'3556575570483092'),(1569,89,'3574008321660113'),(1570,421,'3587363582585631'),(1571,150,'4017952826645934'),(1572,77,'3545928660316553'),(1573,488,'201801093251526'),(1574,248,'201986963131922'),(1575,408,'201774114482414'),(1576,13,'6706102111586650127'),(1577,301,'30421915050001'),(1578,266,'3530150807208794'),(1579,492,'4017950701078551'),(1580,423,'337941086312419'),(1581,488,'3562169231427540'),(1582,6,'4405011814204129'),(1583,6,'633110230092735941'),(1584,156,'3567872956882584'),(1585,352,'3585530980626033'),(1586,216,'63046432945706231'),(1587,169,'4175001943018175'),(1588,187,'375236331492451'),(1589,500,'3560395188171292'),(1590,452,'3587922344206461'),(1591,141,'3529138078980483'),(1592,362,'67711622678214099'),(1593,413,'633110621770617643'),(1594,322,'3538319739132313'),(1595,236,'3555213003522275'),(1596,202,'6759719733080852'),(1597,58,'4041592542799134'),(1598,442,'374283183534924'),(1599,450,'3540655183814799'),(1600,373,'30426427171724'),(1601,34,'5018395001134660'),(1602,428,'5100176656407836'),(1603,151,'6399950442561637'),(1604,70,'5038184153663857712'),(1605,483,'36432239405320'),(1606,38,'5100133763049589'),(1607,170,'5602257791815456647'),(1608,38,'3529921043687931'),(1609,148,'3570644390683646'),(1610,431,'58933073362572247'),(1611,463,'4844329780575176'),(1612,64,'4844316492039963'),(1613,153,'3582918130539417'),(1614,263,'493677244049590857'),(1615,315,'3543864922835316'),(1616,43,'3566467631182806'),(1617,369,'5038956635320466396'),(1618,121,'3536460442441211'),(1619,2,'3567113351471719'),(1620,457,'3588333386622327'),(1621,468,'3531387557964023'),(1622,394,'375111224948473'),(1623,373,'4026307357594408'),(1624,364,'201602516462843'),(1625,373,'6771836110708642'),(1626,459,'3542662877253175'),(1627,308,'5447860675849241'),(1628,465,'3530028738047921'),(1629,483,'3554046764796428'),(1630,174,'5602230717442291554'),(1631,314,'201673494881973'),(1632,399,'3556363782549533'),(1633,433,'3548726944939522'),(1634,268,'5048379402976469'),(1635,190,'3531607919330757'),(1636,139,'4041596081094070'),(1637,444,'3537002101344960'),(1638,332,'3573530240968005'),(1639,284,'3589034656154616'),(1640,380,'372301181615651'),(1641,474,'5100172487931607'),(1642,281,'6304099271721318193'),(1643,236,'4903269455958273'),(1644,65,'3530433513512794'),(1645,228,'6376999677969228'),(1646,394,'3528238621914947'),(1647,397,'3574705701502621'),(1648,497,'30164847985429'),(1649,317,'6387494885788591'),(1650,429,'5641823921981274671'),(1651,322,'3576327154592856'),(1652,235,'3578023136005053'),(1653,232,'30505178418432'),(1654,435,'5108759655656990'),(1655,482,'3530848163587988'),(1656,387,'3577148943084115'),(1657,416,'5610595188382469'),(1658,499,'5246297561121604'),(1659,171,'3547255512691126'),(1660,252,'5485570626752989'),(1661,368,'3535502659282290'),(1662,289,'5410507072657742'),(1663,44,'5108753495340899'),(1664,304,'4844633568285373'),(1665,290,'201518240481984'),(1666,159,'201903240982001'),(1667,369,'67098293944850521'),(1668,23,'5245140074415041'),(1669,383,'5641823914323067'),(1670,383,'3565539663554580'),(1671,71,'676726251595401299'),(1672,265,'3543932638724288'),(1673,87,'6761379839197757'),(1674,419,'3589126428481267'),(1675,293,'30242937589309'),(1676,119,'3536909940977019'),(1677,12,'201492741588590'),(1678,190,'3546736577954526'),(1679,224,'3536598137495438'),(1680,271,'5007666375657053'),(1681,56,'4905972694205681'),(1682,179,'6334800821565071'),(1683,407,'374288175733848'),(1684,254,'6759092925344564507'),(1685,455,'4026195883200511'),(1686,91,'5602245069320960'),(1687,266,'5554180781423073'),(1688,467,'50203249929599028'),(1689,148,'30312395256046'),(1690,133,'6304191368915945'),(1691,65,'3551034347815025'),(1692,423,'3549046896872236'),(1693,490,'3548165337382869'),(1694,183,'3550883151155964'),(1695,479,'5610648618336744'),(1696,359,'3574546140830656'),(1697,13,'4041372676601'),(1698,81,'201913996572989'),(1699,21,'5100141277737201'),(1700,428,'6389645750513004'),(1701,260,'3530188296818921'),(1702,236,'36687296362207'),(1703,464,'3565863751612633'),(1704,219,'5602229118803788'),(1705,110,'5602238816689852'),(1706,252,'3565605225274122'),(1707,454,'5577607182587992'),(1708,31,'5602249042286863437'),(1709,309,'4917899453238692'),(1710,340,'30138906814324'),(1711,277,'4026055664779218'),(1712,259,'670963698197712330'),(1713,42,'67594166633917653'),(1714,401,'3544962158955482'),(1715,238,'560221627591996018'),(1716,278,'5602226639534611'),(1717,424,'3530802975380603'),(1718,444,'589361696256188715'),(1719,141,'5018393469716995286'),(1720,155,'3542850424171137'),(1721,308,'5462540162075159'),(1722,262,'5602226383458074'),(1723,75,'30105543822556'),(1724,161,'5573027603820498'),(1725,226,'3574012233515514'),(1726,343,'3581485986831232'),(1727,232,'4026096637244260'),(1728,341,'376179969008844'),(1729,437,'201909076172310'),(1730,113,'3565420858131544'),(1731,291,'3537004139649287'),(1732,419,'3566491191353136'),(1733,431,'3581214362785287'),(1734,108,'201928570887231'),(1735,396,'374283552465015'),(1736,429,'3537864157463345'),(1737,56,'6763181066119784451'),(1738,19,'5602256003677639'),(1739,411,'3560344704244365'),(1740,443,'3586480161615687'),(1741,113,'5602211239057148'),(1742,472,'4528076684105'),(1743,220,'3576914609997374'),(1744,166,'3580351076748762'),(1745,371,'201885593698427'),(1746,359,'6761880575015129'),(1747,340,'3570210766584329'),(1748,214,'560225988264183649'),(1749,255,'3541812078408885'),(1750,491,'3576816490085724'),(1751,459,'5020650979836688'),(1752,426,'3530340093925074'),(1753,302,'4041370170664'),(1754,268,'3583953664177184'),(1755,248,'5048377538428322'),(1756,384,'201901166144945'),(1757,220,'5573352279676978'),(1758,48,'3548073001135409'),(1759,485,'6334796518203945'),(1760,75,'5602221063387131'),(1761,41,'630491517118796567'),(1762,325,'4026558160826243'),(1763,471,'6387891996013225'),(1764,26,'30452236733934'),(1765,196,'3587045309002939'),(1766,396,'348742228462279'),(1767,68,'201649836885237'),(1768,165,'4905161377255311816'),(1769,245,'3583409085525360'),(1770,471,'4405196946801908'),(1771,485,'3546196358293117'),(1772,103,'5602256703755446'),(1773,206,'201985145101217'),(1774,454,'4844938276466391'),(1775,449,'4911916201927139916'),(1776,470,'6759689849912638916'),(1777,383,'676735444192068525'),(1778,345,'3584312170979949'),(1779,213,'5100174533065703'),(1780,57,'3532453695937039'),(1781,172,'670691406487882394'),(1782,431,'3571906280534406'),(1783,456,'3561139817259584'),(1784,436,'58936353875877045'),(1785,180,'6763221535840520'),(1786,100,'3554656235459073'),(1787,493,'5602258855616871'),(1788,358,'3556232773591640'),(1789,141,'3545910286928961'),(1790,407,'3547654900988039'),(1791,177,'3541833777146733'),(1792,451,'6771018114054824'),(1793,484,'201730526154587'),(1794,73,'3548252628190357'),(1795,232,'3560918919393099'),(1796,226,'374288803882934'),(1797,72,'3529811405191384'),(1798,153,'5602248088984034418'),(1799,282,'3537821632608316'),(1800,87,'5478627797324458'),(1801,418,'6767170624408357951'),(1802,229,'3532487523504074'),(1803,287,'3572466757991372'),(1804,59,'3580943899079167'),(1805,154,'675935328125640148'),(1806,98,'3541594056522693'),(1807,71,'3554520567327730'),(1808,464,'3539422128728391'),(1809,219,'201915766997312'),(1810,495,'3581771900035749'),(1811,407,'36786991291552'),(1812,48,'5602255300700078'),(1813,305,'374622955529978'),(1814,442,'374622933316068'),(1815,293,'5602259891713938'),(1816,149,'3566609760918670'),(1817,343,'30247712094227'),(1818,158,'3582931043670567'),(1819,347,'56022114544987287'),(1820,144,'3532922014305078'),(1821,260,'6393965008581668'),(1822,308,'3561412619326509'),(1823,39,'3544875055936969'),(1824,176,'36120863401331'),(1825,394,'5602233728736313'),(1826,335,'3544995887361226'),(1827,157,'3585207474817226'),(1828,486,'36155754580157'),(1829,236,'677118175998713147'),(1830,337,'201560928194513'),(1831,18,'3575453415311539'),(1832,450,'3549983393886030'),(1833,316,'3554206133941895'),(1834,23,'30124314311889'),(1835,272,'201699271500486'),(1836,212,'374283244778437'),(1837,341,'5130007586915008'),(1838,61,'30131075569035'),(1839,281,'3548763318763444'),(1840,95,'3545722200419716'),(1841,124,'379218063142245'),(1842,306,'3560670025939105'),(1843,260,'5602238860818399'),(1844,153,'5434511096780706'),(1845,384,'3540734709852276'),(1846,395,'5487315313395066'),(1847,497,'3528898044138125'),(1848,120,'633475278865561225'),(1849,22,'6761797543962754'),(1850,229,'3586068060137257'),(1851,495,'5298275371907245'),(1852,478,'30217380374227'),(1853,174,'670900832321903608'),(1854,183,'374288699832761'),(1855,243,'5602228284298427'),(1856,402,'6761489250401790979'),(1857,191,'5389227223213975'),(1858,120,'30286795978393'),(1859,268,'30199519436699'),(1860,58,'3545842346089320'),(1861,33,'3535660528795916'),(1862,202,'3570278076393277'),(1863,114,'3578969129310266'),(1864,189,'372146137681673'),(1865,81,'6334542675706270478'),(1866,399,'341218030774307'),(1867,25,'30165161994590'),(1868,362,'3562824475222458'),(1869,48,'630451596678237954'),(1870,419,'3542626159262139'),(1871,198,'201601065024947'),(1872,192,'6372698597075108'),(1873,213,'3545006287425568'),(1874,205,'3559165935202713'),(1875,198,'201587349673494'),(1876,450,'201865467823343'),(1877,459,'3558901680720496'),(1878,145,'3530316141264443'),(1879,364,'675956127868537865'),(1880,340,'3574667213694801'),(1881,438,'36858402705544'),(1882,276,'3536507198370828'),(1883,400,'5610900813849157'),(1884,403,'374910415828183'),(1885,371,'4905347122302639554'),(1886,107,'6390676322084163'),(1887,193,'5491454372176739'),(1888,366,'5164370405073717'),(1889,110,'201978003403759'),(1890,185,'5554821122095597'),(1891,488,'67596615337291235'),(1892,387,'6763977820513722'),(1893,229,'5610569453837457'),(1894,205,'3536076722859714'),(1895,443,'3548514404016100'),(1896,183,'4844984897863889'),(1897,198,'5641820337755834'),(1898,332,'5602233509456438'),(1899,115,'3528935288969201'),(1900,383,'3584237868927209'),(1901,295,'3565149393173915'),(1902,262,'4508378365062057'),(1903,118,'3565489220102467'),(1904,325,'3534586834329432'),(1905,416,'3547166361839510'),(1906,104,'56022224572582684'),(1907,226,'3553541615199336'),(1908,421,'3531567946159217'),(1909,177,'3571600296700685'),(1910,30,'372301394758066'),(1911,133,'5048373234043846'),(1912,12,'564182205282494343'),(1913,301,'343506568813879'),(1914,99,'3573182271007442'),(1915,35,'560222982483253070'),(1916,4,'3557518281439887'),(1917,369,'374288932519878'),(1918,145,'375051752948588'),(1919,116,'5124262757748963'),(1920,151,'5432907968561939'),(1921,330,'3564417505849271'),(1922,12,'6391108916416139'),(1923,410,'6759364142324580187'),(1924,164,'5602243466960757852'),(1925,153,'3574218829339462'),(1926,35,'5602225116049911739'),(1927,175,'5602251221907678'),(1928,377,'4844850226333680'),(1929,168,'6331105010942255718'),(1930,24,'4911413777150852729'),(1931,194,'3535585994861035'),(1932,226,'374288524421178'),(1933,213,'3575775092571732'),(1934,442,'3563251714074251'),(1935,113,'374622478537151'),(1936,326,'4917345337041316'),(1937,262,'63041477123537812'),(1938,291,'5436241623302430'),(1939,308,'201825275388350'),(1940,256,'4936727418189829127'),(1941,68,'3566099657754471'),(1942,228,'5602222437323497'),(1943,269,'3543282695892150'),(1944,4,'5602229435399361'),(1945,298,'3542130907794618'),(1946,225,'4903880987608980268'),(1947,273,'5602244157071890'),(1948,59,'3556926145466957'),(1949,7,'3586361115981302'),(1950,200,'3581353965219912'),(1951,370,'3589845105233218'),(1952,337,'3585269389826411'),(1953,337,'3535312277016157'),(1954,106,'3538955594411498'),(1955,441,'4026918997815100'),(1956,343,'201426383227125'),(1957,95,'67715592035264317'),(1958,90,'6331106223954910'),(1959,267,'3536466651322554'),(1960,160,'3531057260564960'),(1961,442,'3555582332399567'),(1962,14,'060470689442616004'),(1963,424,'3572719601554956'),(1964,128,'30368737035936'),(1965,4,'3535034541784549'),(1966,429,'6383012707112404'),(1967,462,'5010120502192019'),(1968,244,'3564145694256665'),(1969,7,'67626994618972159'),(1970,459,'3545863420435999'),(1971,447,'3559784123022004'),(1972,64,'3542234792053567'),(1973,382,'4917635536043695'),(1974,389,'3542324854981167'),(1975,45,'4508804021216290'),(1976,147,'3585283238075120'),(1977,410,'3557948592283627'),(1978,1,'4041596121616'),(1979,478,'3568467139318595'),(1980,255,'372301975355712'),(1981,218,'3588045818466129'),(1982,265,'3532309253331074'),(1983,172,'5610429836984524190'),(1984,311,'374288533471552'),(1985,403,'5476254244283724'),(1986,172,'4913219171852969'),(1987,361,'5325488508026519'),(1988,49,'633338380454942597'),(1989,448,'3538218359876938'),(1990,451,'374283447997339'),(1991,120,'3547228260974614'),(1992,64,'3562827925834525'),(1993,461,'060499841290990364'),(1994,215,'201512927084443'),(1995,318,'3563591609557385'),(1996,244,'374283601524440'),(1997,88,'560221728117297707'),(1998,172,'5100140175808098'),(1999,243,'5610169696252059'),(2000,379,'3549095848040897'),(2001,424,'5100137257971711'),(2002,204,'3588046647811105'),(2003,66,'5599221712343415'),(2004,360,'30288350405424'),(2005,409,'6762587728040446'),(2006,412,'3555682414280758'),(2007,388,'5020065863672985849'),(2008,60,'3557915312138944'),(2009,388,'3548443947334533'),(2010,106,'3560686689809889'),(2011,172,'3534715245379815'),(2012,167,'3544409621601509'),(2013,105,'3540419078790022'),(2014,121,'3543133959127124'),(2015,241,'30580420849528'),(2016,97,'6759398184017679207'),(2017,458,'5038377917149780'),(2018,259,'56022277221943186'),(2019,177,'3540832142785887'),(2020,32,'3569915277120180'),(2021,134,'3567859291896114'),(2022,76,'3570981214274990'),(2023,119,'6759412082202107913'),(2024,392,'3576532492858626'),(2025,217,'3570824912522122'),(2026,456,'3581319760987052'),(2027,15,'5641825474706417'),(2028,127,'560225652297944860'),(2029,444,'6767133176265899530'),(2030,28,'201889342789073'),(2031,140,'3576472633350102'),(2032,269,'5108758479027404'),(2033,30,'3546070424377198'),(2034,225,'3561458922797662'),(2035,69,'5108758226157744'),(2036,301,'5007669435478999'),(2037,264,'503838240237420057'),(2038,341,'4041590588055429'),(2039,30,'3564828485949131'),(2040,176,'3532062432424530'),(2041,368,'5602213312501828'),(2042,119,'4844046810435078'),(2043,260,'3563704331854695'),(2044,240,'3536282288729768'),(2045,189,'3583688337068028'),(2046,453,'30255382612285'),(2047,437,'5100178416262923'),(2048,298,'30156524910522'),(2049,399,'5108759863619707'),(2050,351,'3534489249640610'),(2051,456,'6706219051886539820'),(2052,492,'4844023969311111'),(2053,101,'374622691238538'),(2054,487,'3578766329984050'),(2055,130,'5128494848990306'),(2056,57,'349356563678917'),(2057,382,'5602219849895807'),(2058,479,'677128802824627450'),(2059,84,'3545114325107014'),(2060,211,'560225849804392324'),(2061,175,'3528635165551037'),(2062,196,'30007744286211'),(2063,436,'3543004043465848'),(2064,242,'30565288938802'),(2065,163,'6370994511347182'),(2066,77,'3544703342943236'),(2067,414,'5418700218327807'),(2068,47,'3587068205234950'),(2069,243,'3562634631830767'),(2070,279,'3578747870929082'),(2071,254,'5602239208807011'),(2072,235,'3570093982128406'),(2073,49,'5602222615348175'),(2074,193,'201959931797520'),(2075,42,'30458887084618'),(2076,156,'4405349702903711'),(2077,252,'5108757328684803'),(2078,245,'67718420898860186'),(2079,293,'3528757724937778'),(2080,317,'3554461872522527'),(2081,265,'493629148766643741'),(2082,295,'3570124662960238'),(2083,347,'670964360290129933'),(2084,213,'560222991004939349'),(2085,205,'5610995882472410'),(2086,237,'5893942909092878'),(2087,355,'3586470758057591'),(2088,81,'3577702857508830'),(2089,366,'3554249564450564'),(2090,346,'30502791451031'),(2091,408,'3543982299584190'),(2092,1,'30549494187149'),(2093,476,'5489556086373495'),(2094,192,'3563633273669771'),(2095,328,'5467697590234934'),(2096,467,'3558521443507905'),(2097,283,'3528768237790562'),(2098,438,'3549693328065416'),(2099,409,'3580863230109384'),(2100,375,'5100139517420638'),(2101,406,'6759082967673175291'),(2102,356,'5602258209306137849'),(2103,497,'3569751772409160'),(2104,21,'6759391415512332141'),(2105,234,'3561696243755378'),(2106,332,'3585570649868105'),(2107,239,'3548856097694481'),(2108,243,'30565624724726'),(2109,139,'3587161332211445'),(2110,363,'3568260366794020'),(2111,486,'5602222539875717'),(2112,302,'3540034939603940'),(2113,434,'3528845143438435'),(2114,3,'060449530731895255'),(2115,28,'56022268340589851'),(2116,394,'4911415106123300'),(2117,91,'3584522894271478'),(2118,44,'3584282451110300'),(2119,385,'374288415278703'),(2120,326,'3563754789073751'),(2121,12,'201989753562033'),(2122,475,'3561294859911046'),(2123,110,'3586792941485250'),(2124,319,'337941972410350'),(2125,472,'3586010764729716'),(2126,478,'5503531963106914'),(2127,353,'4175006468219595'),(2128,385,'5441896080181156'),(2129,342,'374288197459620'),(2130,141,'3528285170263093'),(2131,95,'3552599903534920'),(2132,487,'3538256866696092'),(2133,65,'5610760914343165'),(2134,429,'3582071395281919'),(2135,394,'6387368166688425'),(2136,290,'6389113504500900'),(2137,124,'30000082567037'),(2138,186,'50204339033765224'),(2139,158,'3582683052749804'),(2140,323,'3528587043867210'),(2141,495,'30590418849208'),(2142,43,'060403490281728600'),(2143,154,'3558057540678554'),(2144,60,'3552447972549066'),(2145,222,'3586726862426133'),(2146,364,'3557730749687987'),(2147,107,'30477457361677'),(2148,49,'3553527415604526'),(2149,266,'3534058321862747'),(2150,67,'36406959105153'),(2151,319,'3538679446191112'),(2152,228,'201635832510580'),(2153,470,'5108753787020878'),(2154,391,'4913883200665476'),(2155,29,'3536380659377439'),(2156,289,'3569609856534891'),(2157,117,'5602214749933337'),(2158,381,'343269208103504'),(2159,52,'3535592979027491'),(2160,424,'6390748059015262'),(2161,480,'30493895083237'),(2162,5,'5100140983843022'),(2163,300,'3583733143776867'),(2164,303,'6333834472202846038'),(2165,57,'30334860467031'),(2166,322,'372301313894091'),(2167,450,'6759019341513653'),(2168,345,'4041370904922'),(2169,85,'502043748075320117'),(2170,391,'201743234014035'),(2171,424,'3565061502092060'),(2172,45,'201623939918708'),(2173,490,'3558367239052452'),(2174,111,'3534081736581975'),(2175,302,'4903915488055541'),(2176,497,'4911780829649283936'),(2177,367,'3557500300656352'),(2178,412,'5100131018384900'),(2179,245,'4905835152088174129'),(2180,62,'67616133807634013'),(2181,465,'5296527446635918'),(2182,91,'3586670511188233'),(2183,216,'374283010517944'),(2184,467,'67593517578782802'),(2185,431,'30241706412511'),(2186,348,'3583518809044431'),(2187,227,'3573620154908202'),(2188,378,'3585348894742360'),(2189,227,'67611073208779196'),(2190,389,'4917463611927215'),(2191,161,'5038017698854881'),(2192,369,'67065910143462316'),(2193,441,'30420989221951'),(2194,137,'4041375249284414'),(2195,252,'30112128263941'),(2196,15,'201866594126642'),(2197,127,'67615974056674999'),(2198,278,'633110245073629012'),(2199,220,'5007668374247183'),(2200,304,'3553341205815544'),(2201,43,'30278847915200'),(2202,73,'4917564625645170'),(2203,409,'56100860363146687'),(2204,81,'6771219470662958'),(2205,280,'3554978196937883'),(2206,102,'633110197262909285'),(2207,430,'3543375512280979'),(2208,108,'6371812862331481'),(2209,318,'5602250606603506'),(2210,13,'3555862778381281'),(2211,282,'6759453588276015832'),(2212,202,'5539933446966997'),(2213,106,'30422617709860'),(2214,379,'3553596131898084'),(2215,209,'4917106722764403'),(2216,338,'3536898423878705'),(2217,200,'3564890276742802'),(2218,335,'6762179323907706'),(2219,136,'5267144055360369'),(2220,244,'3558025940415893'),(2221,316,'3567824620942138'),(2222,396,'3563288408249153'),(2223,12,'3580579372790241'),(2224,375,'3584207745157288'),(2225,29,'3535625623255488'),(2226,426,'3548904428224790'),(2227,434,'201954870372799'),(2228,216,'3569222374618384'),(2229,277,'56022237528492089'),(2230,302,'50382254833221860'),(2231,134,'3544896777606763'),(2232,496,'5020787875526353625'),(2233,98,'5610120052734149'),(2234,125,'4903186755634195826'),(2235,31,'633110628736905566'),(2236,121,'4017957968258'),(2237,227,'30203254693520'),(2238,88,'67064672371669647'),(2239,438,'3528982395228857'),(2240,263,'5155244935603205'),(2241,32,'3550176409787518'),(2242,125,'5100134960971005'),(2243,341,'3547184153611070'),(2244,191,'3586755549366768'),(2245,421,'30294044352741'),(2246,72,'6331108970408755815'),(2247,436,'491104305335387717'),(2248,366,'5108754932029814'),(2249,10,'30292682661191'),(2250,93,'3576491841374647'),(2251,210,'5545278611479695'),(2252,442,'6373030576238672'),(2253,422,'4175003225140693'),(2254,451,'30550286687437'),(2255,26,'3557562400947123'),(2256,166,'3543180258621810'),(2257,136,'6771878653537897'),(2258,446,'5602252256789882'),(2259,113,'3550944498230322'),(2260,314,'30167198942071'),(2261,313,'5602250403965991'),(2262,152,'3579342199272346'),(2263,251,'3533260135693265'),(2264,161,'201650828465327'),(2265,474,'4479794632282812'),(2266,178,'3571892399619652'),(2267,7,'3537681902705758'),(2268,414,'3564642359828143'),(2269,286,'4913811746443710'),(2270,345,'30037821473572'),(2271,423,'3563671109430299'),(2272,190,'0604872820430014741'),(2273,105,'3582501482252621'),(2274,377,'378981127307622'),(2275,357,'3583666789486708'),(2276,86,'5473881362833253'),(2277,159,'3541144709305516'),(2278,103,'4844585577071147'),(2279,51,'3542897363241231'),(2280,39,'6759301756729204659'),(2281,470,'6761056524650684'),(2282,28,'6333781800206679182'),(2283,341,'6384213554578619'),(2284,128,'3531129242785474'),(2285,201,'4132111668148'),(2286,90,'5476986665901728'),(2287,431,'3555708488743346'),(2288,236,'5287413294871833'),(2289,171,'6384373965957867'),(2290,404,'6334093307390002073'),(2291,161,'3566104456091040'),(2292,112,'3548324678982973'),(2293,84,'56022282357291533'),(2294,32,'4917064588015115'),(2295,394,'3573749612733512'),(2296,307,'3544625787682013'),(2297,32,'4017954047514667'),(2298,120,'3530212103108779'),(2299,427,'201654452869044'),(2300,147,'3585148754194151'),(2301,464,'3545388452889533'),(2302,47,'490341315455023245'),(2303,16,'3575511674722884'),(2304,293,'4508743696788961'),(2305,249,'347999804172869'),(2306,211,'3563718305867681'),(2307,338,'201459142768543'),(2308,321,'3561037246920018'),(2309,240,'5602225373346489'),(2310,212,'3547642133409105'),(2311,127,'3558018907491882'),(2312,52,'5207126433689638'),(2313,284,'201870851637242'),(2314,298,'5283045416290072'),(2315,359,'5007665636203012'),(2316,422,'4917880821139523'),(2317,426,'5147646642875952'),(2318,6,'372301767880786'),(2319,337,'5602241589065950213'),(2320,488,'5100146241948412'),(2321,163,'3574908196680437'),(2322,156,'3578611101691145'),(2323,244,'3574876954824333'),(2324,381,'201764320439837'),(2325,297,'06047772197268275'),(2326,317,'3542065285826931'),(2327,420,'4917416669371462'),(2328,205,'560223445429935704'),(2329,492,'5506155267483642'),(2330,94,'5007661231346223'),(2331,229,'4175003794476411'),(2332,82,'3588256611148901'),(2333,434,'4054127587890'),(2334,202,'4175005449600329'),(2335,190,'0604376086110933'),(2336,93,'6771713960065299052'),(2337,277,'5048377135765225'),(2338,249,'3578151676965376'),(2339,275,'337941449342616'),(2340,375,'30452784093962'),(2341,147,'3549843097465715'),(2342,112,'201733825451720'),(2343,441,'3531601913506868'),(2344,52,'201710846673417'),(2345,121,'201538105632042'),(2346,232,'6333171314594184407'),(2347,136,'5010127915344640'),(2348,176,'56022409644560350'),(2349,229,'6334711399560964044'),(2350,477,'3554406926659155'),(2351,376,'5602243941443027'),(2352,346,'5447750591122924'),(2353,279,'5226217819276046'),(2354,351,'5610419801688584'),(2355,69,'5602246500603295'),(2356,455,'5602222200184852'),(2357,435,'3588502092621829'),(2358,309,'3554701401200214'),(2359,137,'4040126134537'),(2360,88,'676115879924694561'),(2361,298,'3554998222892662'),(2362,141,'3550884681388174'),(2363,73,'3555687419077125'),(2364,233,'3577623374408108'),(2365,298,'3572688088949957'),(2366,346,'3545769682466673'),(2367,398,'5038302113688269035'),(2368,159,'30539476794244'),(2369,17,'5416447356507442'),(2370,466,'349241154312581'),(2371,96,'30571799329341'),(2372,287,'6762296496298570'),(2373,462,'30246618433075'),(2374,467,'201641627496480'),(2375,493,'633488470140437173'),(2376,32,'56022156988951998'),(2377,32,'4844420257620494'),(2378,259,'3562997140065831'),(2379,89,'3585667375378901'),(2380,461,'501897522878680939'),(2381,268,'5540020350392688'),(2382,275,'4017959663712644'),(2383,193,'3589690095548682'),(2384,442,'3548275762259092'),(2385,299,'3571781471263234'),(2386,63,'3532049896517685'),(2387,267,'3540326911273357'),(2388,361,'5463544361693159'),(2389,301,'6767494507616626'),(2390,496,'5456687512580350'),(2391,288,'5522390622324294'),(2392,279,'3560468370284866'),(2393,65,'3577982461954733'),(2394,9,'3569738195131802'),(2395,71,'5602231072746019296'),(2396,166,'201969257570377'),(2397,110,'30030482408235'),(2398,357,'3581794855602990'),(2399,24,'5100139398183818'),(2400,373,'3572671857872998'),(2401,283,'3588963454242499'),(2402,182,'56022272799338455'),(2403,291,'3540548901053784'),(2404,320,'3544082473693625'),(2405,277,'3584863972723786'),(2406,476,'3529231900409423'),(2407,164,'3571673496562395'),(2408,437,'5399214282501456'),(2409,492,'560225203745251126'),(2410,185,'0604322502351412'),(2411,227,'6372564928921719'),(2412,261,'374622262823650'),(2413,331,'3579269579895588'),(2414,234,'3575539227313430'),(2415,201,'3555148252202353'),(2416,395,'3548388250997360'),(2417,482,'3574911480573219'),(2418,351,'3559344092014365'),(2419,5,'5443877357302111'),(2420,332,'3575940419279811'),(2421,98,'5108750704071745'),(2422,248,'374622959432914'),(2423,16,'201908864967717'),(2424,297,'5602231923387395'),(2425,85,'5602238974452555244'),(2426,31,'374288348811695'),(2427,86,'3580105918080366'),(2428,462,'3540677915126904'),(2429,195,'3546771689148956'),(2430,332,'493607171408000449'),(2431,134,'30191006638762'),(2432,383,'30396144567191'),(2433,187,'3530226626660199'),(2434,127,'30115792486938'),(2435,206,'3556324460856343'),(2436,141,'3534754937584978'),(2437,209,'201791855400272'),(2438,336,'4844226637410492'),(2439,441,'4175002485463522'),(2440,110,'4693217121316'),(2441,470,'337941776069535'),(2442,35,'3572132668946760'),(2443,350,'201724215428469'),(2444,461,'3547067322953566'),(2445,214,'3560295189515515'),(2446,81,'3558274136376358'),(2447,268,'5002353697560217'),(2448,58,'67594432443450677'),(2449,211,'5602224219470728'),(2450,172,'3545618301100488'),(2451,369,'3564128372820556'),(2452,450,'6331106512618773162'),(2453,498,'30185742456893'),(2454,18,'30540822418249'),(2455,120,'560223156251104679'),(2456,396,'3531511716353485'),(2457,141,'201915004336208'),(2458,108,'345442214175943'),(2459,179,'4508754841510184'),(2460,70,'3533114281287119'),(2461,184,'5100171671832084'),(2462,489,'490321945807527263'),(2463,365,'374622871473285'),(2464,293,'5100133707508427'),(2465,109,'3576802517965809'),(2466,442,'3578225013247712'),(2467,497,'6771770574405579'),(2468,224,'675917684681524486'),(2469,316,'5602218410618743840'),(2470,454,'4041594950867'),(2471,141,'3579550998151533'),(2472,290,'3537741133000971'),(2473,224,'30155993779202'),(2474,394,'4175005885294470'),(2475,453,'3575857309819938'),(2476,477,'6759602374662214'),(2477,106,'3550776833046496'),(2478,281,'4405408211557853'),(2479,222,'30304281429712'),(2480,203,'3575380567909739'),(2481,415,'6759890964213767'),(2482,1,'36048452571810'),(2483,490,'3588379269354421'),(2484,428,'4905787984450589478'),(2485,399,'5523893255748704'),(2486,11,'4405631482644452'),(2487,492,'3549622164134663'),(2488,176,'4705224682831'),(2489,314,'676142903236373016'),(2490,435,'5602211379017394140'),(2491,174,'5048376496480184'),(2492,382,'3568882373951648'),(2493,10,'343846381978271'),(2494,275,'630406612401178245'),(2495,136,'5002358199613737'),(2496,243,'3541845514342458'),(2497,149,'5007660563890261'),(2498,203,'4026817124072413'),(2499,166,'3562925210405413'),(2500,245,'4844960505714052'),(2501,379,'5100131002001643'),(2502,361,'3579602074040989'),(2503,66,'5602254345201614'),(2504,287,'3566349464912923'),(2505,51,'337941957533192'),(2506,380,'5602253158699211'),(2507,386,'4041593975278703'),(2508,492,'3561191184551002'),(2509,476,'4905505390172015522'),(2510,105,'3589295456278356'),(2511,356,'372301286707528'),(2512,64,'6709125546893039'),(2513,222,'3550918019217307'),(2514,62,'3562563392287943'),(2515,349,'3537373107971506'),(2516,287,'3572585606669275'),(2517,409,'4434339787119122'),(2518,150,'3552755863812231'),(2519,257,'3551376200905843'),(2520,24,'3579551535274903'),(2521,498,'4405340393199107'),(2522,50,'30424389521325'),(2523,374,'5602253417219555297'),(2524,23,'5602258616274317'),(2525,448,'36678443889952'),(2526,438,'5641828931114076'),(2527,299,'30184255384246'),(2528,52,'4903897932287708'),(2529,460,'5494718227610663'),(2530,456,'3564496128363845'),(2531,225,'3530216784786506'),(2532,95,'374288317044831'),(2533,207,'30387969703060'),(2534,496,'560225295058154087'),(2535,461,'3554360934642168'),(2536,116,'4041598313443'),(2537,113,'3568944740507063'),(2538,230,'30091712725889'),(2539,55,'3565668784647807'),(2540,72,'3562270821208959'),(2541,198,'5602233587886126'),(2542,329,'374288772852728'),(2543,366,'6334395132856640'),(2544,261,'4017959663980'),(2545,459,'3550736870509731'),(2546,362,'3558245326997849'),(2547,65,'3581516705260780'),(2548,2,'3551668738237859'),(2549,385,'3565818759718253'),(2550,290,'5120597879982501'),(2551,219,'5100173882178158'),(2552,102,'374283121305643'),(2553,197,'201546307947779'),(2554,165,'6763033369729699'),(2555,281,'5018618918808435345'),(2556,469,'5602215132863684'),(2557,30,'3554372539398674'),(2558,421,'3546941405747551'),(2559,47,'3586992042217681'),(2560,98,'491185054532570392'),(2561,430,'30594221864255'),(2562,208,'5100176178454035'),(2563,149,'6709201900436648'),(2564,478,'5100140662648734'),(2565,70,'3549110234937547'),(2566,360,'5020467909188746'),(2567,417,'36561500243281'),(2568,278,'3539305323744943'),(2569,296,'30006854074441'),(2570,436,'5246937678058757'),(2571,341,'56022148623048967'),(2572,274,'4041595951047'),(2573,266,'3555035044621901'),(2574,298,'30286532872685'),(2575,204,'5390006317510364'),(2576,446,'3574345955431936'),(2577,339,'5602230411115904'),(2578,486,'5118553586125680'),(2579,81,'3550533050056439'),(2580,111,'3549489005397242'),(2581,6,'30329231019321'),(2582,252,'3540833766066356'),(2583,195,'3547877559215517'),(2584,266,'342092107149159'),(2585,253,'3567459390314679'),(2586,25,'201548915250687'),(2587,404,'633110419382356530'),(2588,350,'3562722509099548'),(2589,192,'4903553527807349'),(2590,373,'5267803121802585'),(2591,463,'5002353539259846'),(2592,495,'337941075080563'),(2593,442,'5131981870777887'),(2594,189,'3532700957472570'),(2595,145,'4844232905447919'),(2596,463,'340551191667071'),(2597,401,'3588055579021237'),(2598,94,'4508243439934634'),(2599,335,'5018331388830444523'),(2600,325,'4026694873938510'),(2601,374,'30553093097188'),(2602,3,'56022120796546374'),(2603,419,'67718402868851304'),(2604,147,'201457059453018'),(2605,199,'3534449520852979'),(2606,185,'337941822218516'),(2607,171,'3534448171711146'),(2608,170,'5602258292944290'),(2609,28,'3542055407318313'),(2610,284,'3562492186420504'),(2611,131,'30225471801792'),(2612,334,'3528645754822830'),(2613,104,'3529581341386691'),(2614,451,'30017486265265'),(2615,380,'3566055550528842'),(2616,305,'5602226932904552'),(2617,238,'3567207161513320'),(2618,253,'5265463829134633'),(2619,189,'374622702120824'),(2620,194,'5556680977325071'),(2621,448,'30279521602940'),(2622,307,'3537954683108736'),(2623,69,'3531845983338302'),(2624,264,'3584413557856559'),(2625,119,'30158268792629'),(2626,393,'5602227631006079'),(2627,465,'3570849126473150'),(2628,174,'374283366754075'),(2629,329,'4017956058879'),(2630,54,'06047223497838664'),(2631,12,'30356428892954'),(2632,46,'6331107310265475'),(2633,51,'589323570760398309'),(2634,287,'3567605395905735'),(2635,80,'5602241992383597'),(2636,465,'633485613100519307'),(2637,188,'4405626579452314'),(2638,252,'370950942509637'),(2639,21,'4913949259282107'),(2640,288,'3530377158986336'),(2641,170,'30133125657216'),(2642,243,'5100137788600367'),(2643,500,'4911037495603924237'),(2644,361,'3535404562209819'),(2645,385,'3532280058087726'),(2646,431,'3574388215434100'),(2647,4,'201997364494900'),(2648,491,'3567386068034018'),(2649,321,'5602221581235284072'),(2650,348,'3576396134257245'),(2651,39,'5018381115662935248'),(2652,88,'3528042601630071'),(2653,369,'374622722565172'),(2654,274,'3564726238466041'),(2655,27,'6374231736175957'),(2656,40,'502099150778091397'),(2657,401,'6771403878587431398'),(2658,375,'5602246857066591'),(2659,145,'3535479859590782'),(2660,432,'374288716995880'),(2661,194,'6709872595936750763'),(2662,44,'6331108776595330'),(2663,289,'3552362723686218'),(2664,132,'4405624544682941'),(2665,478,'6763892739408178326'),(2666,457,'4936890743279616600'),(2667,498,'30586141056491'),(2668,315,'3554781323620087'),(2669,20,'5602251489312546'),(2670,193,'5442015497086226'),(2671,92,'3566577791275206'),(2672,242,'5602231952120675'),(2673,338,'5018836504685567'),(2674,156,'3530488922583422'),(2675,224,'4917006493421409'),(2676,494,'3547537235051849'),(2677,203,'4844669151947110'),(2678,142,'3538470389683095'),(2679,358,'5048370590101176'),(2680,192,'676743962284264488'),(2681,201,'3550641397297531'),(2682,137,'4913547746806387'),(2683,139,'4026405260074094'),(2684,348,'374288579297465'),(2685,276,'5602240847448290'),(2686,212,'30187759181976'),(2687,494,'3585309337449534'),(2688,158,'0604828340771742052'),(2689,355,'3586476362853549'),(2690,170,'3578293435151300'),(2691,217,'3535825733542870'),(2692,302,'30275848583060'),(2693,487,'5602249889575910'),(2694,193,'5257240468355251'),(2695,150,'30293352175553'),(2696,254,'5602236987262558'),(2697,410,'5100143981431758'),(2698,328,'5313022361271641'),(2699,162,'5048377928655658'),(2700,324,'373238895206568'),(2701,65,'3547641411897775'),(2702,164,'5602241518442240'),(2703,341,'67634507990105121'),(2704,202,'4844833457814586'),(2705,236,'201808220389715'),(2706,144,'490393326607572606'),(2707,349,'3588573106323272'),(2708,203,'490389702007340974'),(2709,219,'67067156894065266'),(2710,18,'3581870257583929'),(2711,347,'4508747576902329'),(2712,225,'3543509706274188'),(2713,364,'30217031735610'),(2714,58,'3576771302214451'),(2715,153,'6706284164895030176'),(2716,373,'3557683462649082'),(2717,37,'6372579160684304'),(2718,425,'50180905395203638'),(2719,355,'4913310270795223'),(2720,484,'4936992592954877467'),(2721,387,'5213225121115617'),(2722,235,'3569286333664235'),(2723,224,'374288293931936'),(2724,385,'30315716631045'),(2725,185,'3534190701294611'),(2726,62,'6333268624138697'),(2727,306,'5641829862923857'),(2728,445,'3531491741340775'),(2729,425,'3578458361991157'),(2730,400,'3566098873890846'),(2731,496,'3561365502288824'),(2732,163,'371776213600576'),(2733,175,'5641823736433269339'),(2734,465,'4405856472555232'),(2735,273,'3565767212495415'),(2736,352,'4041373504628235'),(2737,238,'3548410724864792'),(2738,14,'676258717881915156'),(2739,263,'30568578904575'),(2740,146,'201939231511631'),(2741,473,'4041599536745'),(2742,228,'376820832587429'),(2743,57,'3529931910574823'),(2744,104,'3576195800226660'),(2745,256,'6761538881836063'),(2746,89,'4508880855617753'),(2747,144,'5602228165245059'),(2748,245,'3585042124979898'),(2749,135,'6389779185834006'),(2750,370,'633483384497407405'),(2751,154,'3570095227049842'),(2752,14,'3580354786818271'),(2753,108,'3564730041149950'),(2754,342,'3566350546595637'),(2755,368,'3566601553919536'),(2756,223,'3586057827178407'),(2757,229,'3548591447023152'),(2758,362,'5641826317945246250'),(2759,160,'5421982978305042'),(2760,3,'5048376278902660'),(2761,34,'3534045257518062'),(2762,479,'6709259003775742'),(2763,41,'201928850813253'),(2764,296,'36145145859394'),(2765,326,'3570440483327989'),(2766,496,'5420574743947835'),(2767,427,'3551187748847003'),(2768,384,'4917938100186092'),(2769,377,'374283822484663'),(2770,158,'5002354598799664'),(2771,414,'3570077311878195'),(2772,245,'3568541939781226'),(2773,225,'5602217344621276517'),(2774,266,'5108753900240148'),(2775,180,'3530191390208809'),(2776,436,'490599127224095472'),(2777,326,'6304180074568894528'),(2778,463,'3586990312986662'),(2779,129,'3580925106024029'),(2780,318,'3539272924131088'),(2781,242,'30278647326186'),(2782,208,'374622666221568'),(2783,273,'5007664278088013'),(2784,286,'6394245956852455'),(2785,163,'5048378556631334'),(2786,477,'3554602494457804'),(2787,457,'3536172248491825'),(2788,22,'5142553739025225'),(2789,365,'3547205056460214'),(2790,313,'3557238815224107'),(2791,364,'5499118150497995'),(2792,167,'3569866603063489'),(2793,176,'4508532258560813'),(2794,297,'3561089015291543'),(2795,6,'3569784619778471'),(2796,275,'30199958939260'),(2797,322,'3532044879809548'),(2798,239,'3552752416185983'),(2799,477,'3589507315612223'),(2800,346,'0604969352910174'),(2801,360,'30361264659681'),(2802,245,'676325092375744051'),(2803,269,'4965259532281'),(2804,454,'6759343208875868'),(2805,468,'201437546292278'),(2806,169,'6371966531253490'),(2807,355,'3562591673685923'),(2808,268,'3549559831032146'),(2809,466,'3544617177657291'),(2810,295,'374283293385233'),(2811,355,'3557852420321684'),(2812,397,'4911869708066448749'),(2813,371,'3560238930576709'),(2814,282,'5010128233758131'),(2815,446,'3580269430737455'),(2816,239,'3584844449471035'),(2817,288,'5007662670298396'),(2818,89,'3551727840129964'),(2819,351,'3535919964406036'),(2820,460,'3531437751413978'),(2821,479,'30373896936163'),(2822,253,'3552439758737395'),(2823,256,'3562613439837505'),(2824,155,'3562608997265669'),(2825,18,'3564900609057925'),(2826,132,'3555033788617953'),(2827,325,'3565472159042318'),(2828,192,'3565470056669993'),(2829,61,'6384394743575409'),(2830,325,'4405607339635182'),(2831,450,'5641826150259085976'),(2832,119,'3585931449767162'),(2833,289,'501892212580238060'),(2834,308,'5002358811053502'),(2835,266,'3563465424583530'),(2836,465,'6762903003970392636'),(2837,291,'3538932100709715'),(2838,28,'5236186925970305'),(2839,233,'343726713956569'),(2840,273,'337941345050644'),(2841,427,'3580960716513822'),(2842,162,'4405892292645853'),(2843,459,'5602230458504721424'),(2844,57,'6384463472766735'),(2845,335,'3583883648531570'),(2846,96,'67625038428621100'),(2847,471,'30290162001235'),(2848,377,'3560974657809408'),(2849,67,'371424021054880'),(2850,346,'6759472362136733589'),(2851,438,'6389433902122853'),(2852,495,'5602228981858908689'),(2853,147,'374283600385314'),(2854,2,'344414146014327'),(2855,314,'6761963771779092'),(2856,458,'3543177667286920'),(2857,363,'3587314814723417'),(2858,136,'6333870093245126561'),(2859,400,'5038960674527262286'),(2860,229,'5038183072007916'),(2861,125,'201454593362474'),(2862,89,'56105964587813752'),(2863,199,'3549601835929172'),(2864,211,'3557921642986069'),(2865,367,'3565741437864507'),(2866,429,'6304492309377847330'),(2867,17,'3541272441928962'),(2868,473,'0604520404354240'),(2869,221,'3565576660302308'),(2870,83,'3558336064957044'),(2871,428,'3554090950742598'),(2872,42,'675969244539193641'),(2873,123,'3576716499493707'),(2874,61,'3529490005145858'),(2875,500,'201986841405605'),(2876,442,'5010125596704157'),(2877,56,'30068462490831'),(2878,118,'4903845517790844'),(2879,494,'3560502556559418'),(2880,89,'4175005940840465'),(2881,381,'6762414023444092'),(2882,243,'3571057634124427'),(2883,238,'3587666673238989'),(2884,260,'3588560440644570'),(2885,102,'3538910045462855'),(2886,464,'5321505530032340'),(2887,106,'4905566839389010'),(2888,458,'3557918811254238'),(2889,344,'5602224441378244'),(2890,9,'3530402632787900'),(2891,377,'3537905629443272'),(2892,413,'3540756457118444'),(2893,145,'3583741723557342'),(2894,48,'4026791866635044'),(2895,422,'4017956433577'),(2896,307,'4041594068074'),(2897,259,'3558010011075560'),(2898,287,'4844996501882527'),(2899,248,'337941484830244'),(2900,369,'30113641277657'),(2901,185,'3545038671112254'),(2902,26,'3556939462477416'),(2903,206,'30141683365072'),(2904,437,'5002356563974396'),(2905,486,'201475809125686'),(2906,84,'4508771961731416'),(2907,384,'5447348015863403'),(2908,189,'201795931929154'),(2909,347,'30344344216938'),(2910,235,'30186819901449'),(2911,426,'5522448231324921'),(2912,8,'060411152049406446'),(2913,49,'5499009739603262'),(2914,462,'201683699307054'),(2915,470,'56022168796209410'),(2916,467,'3535016833437563'),(2917,172,'676315727154808575'),(2918,205,'3532036047393256'),(2919,356,'4905596268371420562'),(2920,33,'3581442679973649'),(2921,5,'3547870499499812'),(2922,309,'5038366254412801363'),(2923,127,'3573859602694853'),(2924,94,'670693775903857570'),(2925,391,'3554718181687352'),(2926,458,'3545177887213330'),(2927,204,'5372043491938154'),(2928,413,'372301770001230'),(2929,115,'5305026563835954'),(2930,310,'5007667902709714'),(2931,417,'30538378211752'),(2932,225,'3588109529792668'),(2933,139,'4513264846441404'),(2934,288,'4936500695771436'),(2935,131,'3558161890283823'),(2936,281,'5002355934999587'),(2937,232,'3570878729468259'),(2938,147,'5602253400427973718'),(2939,356,'5100134268894768'),(2940,94,'4041596740928'),(2941,354,'0604014774296634523'),(2942,289,'5487927606429806'),(2943,351,'5100131724394201'),(2944,269,'561010515695989273'),(2945,270,'5602233545828376'),(2946,294,'30559293978242'),(2947,12,'5002355069058480'),(2948,12,'3581360670626299'),(2949,260,'3530296462625242'),(2950,140,'4913443350944575'),(2951,366,'589338098802250372'),(2952,26,'6759978341630146513'),(2953,88,'3538202299048881'),(2954,477,'5038804257869917'),(2955,278,'3586192774608104'),(2956,135,'3578276908814678'),(2957,229,'5100135844725491'),(2958,456,'6709478477431116717'),(2959,312,'0604422599489397737'),(2960,492,'30520496744013'),(2961,99,'3584405944548915'),(2962,77,'6387567646815751'),(2963,459,'5018556877981403567'),(2964,37,'6761716138016065'),(2965,483,'5610779207648239'),(2966,127,'3562028515954407'),(2967,160,'5534758791505008'),(2968,433,'3557186793774249'),(2969,232,'3560811243732860'),(2970,276,'633110257606663970'),(2971,193,'4508654123585732'),(2972,186,'3561356042211012'),(2973,103,'56022589708875875'),(2974,334,'5002359217914339'),(2975,114,'670667090199046918'),(2976,350,'490332769926055320'),(2977,355,'3562252483985223'),(2978,435,'30460849383971'),(2979,458,'4905019248333550523'),(2980,318,'5602249011574781'),(2981,25,'5602223040506163'),(2982,14,'5108759533652393'),(2983,176,'5002355176329253'),(2984,365,'3533826640503817'),(2985,380,'3543781246743325'),(2986,372,'3569335908890996'),(2987,80,'3530078307056290'),(2988,122,'3570653539505040'),(2989,56,'5610680468486485'),(2990,174,'5641824874602557272'),(2991,80,'4041599715752'),(2992,83,'3534461738132730'),(2993,315,'4903188049103305'),(2994,287,'4175004440009986'),(2995,244,'3577230853356954'),(2996,157,'3538317031862512'),(2997,219,'374288828162635'),(2998,81,'30022734592379'),(2999,270,'3585585761262853'),(3000,179,'374288108979799');
/*!40000 ALTER TABLE `order` ENABLE KEYS */;
UNLOCK TABLES;

--
-- Table structure for table `order_item`
--

DROP TABLE IF EXISTS `order_item`;
/*!40101 SET @saved_cs_client     = @@character_set_client */;
/*!50503 SET character_set_client = utf8mb4 */;
CREATE TABLE `order_item` (
  `order_id` int NOT NULL,
  `item_id` int NOT NULL,
  `quantity` int NOT NULL,
  PRIMARY KEY (`order_id`,`item_id`),
  KEY `order_item_item_id_fk` (`item_id`),
  CONSTRAINT `order_item_item_id_fk` FOREIGN KEY (`item_id`) REFERENCES `item` (`id`),
  CONSTRAINT `order_item_order_id_fk` FOREIGN KEY (`order_id`) REFERENCES `order` (`id`)
) ENGINE=InnoDB DEFAULT CHARSET=utf8mb4 COLLATE=utf8mb4_0900_ai_ci;
/*!40101 SET character_set_client = @saved_cs_client */;

--
-- Dumping data for table `order_item`
--

LOCK TABLES `order_item` WRITE;
/*!40000 ALTER TABLE `order_item` DISABLE KEYS */;
INSERT INTO `order_item` VALUES (1,136,83),(1,205,75),(2,71,98),(2,179,44),(4,64,80),(4,81,38),(4,252,74),(5,266,62),(5,327,88),(5,405,99),(6,169,45),(7,91,16),(7,114,31),(7,182,16),(7,189,79),(7,313,77),(7,343,97),(8,4,27),(8,31,74),(8,253,53),(8,339,58),(9,115,48),(9,299,83),(9,302,2),(9,444,4),(9,451,46),(9,466,61),(10,101,3),(10,204,62),(10,372,51),(10,397,67),(10,444,85),(11,67,91),(11,269,34),(12,70,72),(12,163,49),(13,49,31),(13,122,62),(13,173,45),(13,441,89),(14,31,9),(14,189,51),(14,256,90),(14,397,77),(14,415,92),(14,437,72),(16,51,49),(16,110,9),(16,112,69),(16,153,75),(16,401,54),(17,62,14),(17,353,87),(17,459,41),(18,145,25),(18,323,5),(18,473,7),(19,179,52),(19,215,40),(19,288,19),(19,448,11),(20,396,11),(21,40,67),(21,74,31),(21,429,45),(22,328,74),(22,410,56),(22,499,95),(23,52,4),(23,232,45),(24,23,62),(24,261,60),(24,266,62),(24,475,37),(25,40,22),(25,49,47),(25,90,20),(25,106,95),(25,129,90),(25,158,42),(25,233,96),(25,486,49),(27,286,15),(27,308,38),(27,401,81),(28,136,79),(28,284,15),(28,291,73),(28,426,19),(29,118,17),(29,234,54),(29,476,67),(30,3,29),(30,245,3),(30,343,17),(30,384,46),(30,418,26),(30,443,55),(30,454,30),(31,87,28),(31,207,78),(31,262,100),(32,47,64),(32,49,89),(32,381,40),(32,478,17),(33,116,11),(34,52,7),(34,129,44),(34,332,52),(34,357,98),(34,383,69),(35,51,4),(35,271,21),(35,365,84),(35,438,5),(36,190,40),(36,430,12),(37,107,27),(37,320,74),(37,470,17),(38,76,94),(38,184,90),(38,391,65),(39,47,66),(39,197,92),(39,276,68),(40,337,10),(40,454,8),(41,164,87),(41,311,49),(42,162,24),(42,254,88),(42,299,90),(42,352,86),(42,490,87),(43,147,4),(43,199,61),(43,480,72),(45,53,31),(45,110,49),(45,191,44),(46,37,13),(46,69,97),(46,80,9),(46,148,16),(46,160,73),(46,206,54),(47,319,8),(48,189,7),(48,339,13),(48,417,37),(49,15,19),(49,60,9),(49,181,48),(49,330,47),(49,345,22),(49,485,56),(50,114,62),(50,143,14),(50,252,33),(50,362,31),(51,129,30),(51,241,7),(51,277,98),(51,341,75),(51,345,99),(52,307,100),(53,486,66),(54,340,28),(54,403,41),(54,434,32),(55,28,30),(55,291,78),(55,332,66),(56,128,21),(56,147,53),(56,162,93),(56,170,28),(56,296,18),(56,476,40),(57,114,15),(57,347,25),(58,66,58),(58,243,55),(58,340,14),(58,409,20),(60,11,89),(60,31,69),(60,87,86),(60,125,40),(60,142,42),(60,209,7),(61,78,63),(61,400,47),(62,123,28),(62,349,89),(63,16,100),(63,462,30),(64,174,73),(64,206,69),(65,20,22),(65,209,75),(65,233,77),(65,247,95),(65,256,73),(66,171,95),(67,131,59),(67,465,67),(68,58,58),(68,196,46),(68,230,38),(69,55,90),(69,166,36),(69,415,49),(69,494,47),(70,39,83),(70,108,57),(70,202,90),(70,329,93),(70,356,42),(71,87,19),(71,253,9),(71,259,39),(72,47,34),(72,110,61),(72,418,54),(73,85,23),(73,96,98),(73,174,38),(73,309,91),(73,388,18),(73,447,6),(74,74,100),(74,179,28),(74,274,35),(74,436,87),(75,27,56),(75,103,85),(76,225,1),(77,48,1),(77,49,64),(77,171,43),(77,257,69),(77,473,2),(78,41,81),(78,418,68),(79,47,35),(79,94,41),(79,166,67),(79,334,80),(80,103,42),(80,105,78),(80,477,48),(81,106,35),(81,238,54),(81,280,50),(81,345,52),(81,401,69),(81,442,41),(82,119,12),(82,276,75),(82,406,73),(82,481,55),(83,69,38),(83,321,88),(83,360,55),(84,147,8),(84,298,23),(84,406,98),(84,447,40),(85,380,74),(85,402,23),(86,30,37),(86,36,48),(86,152,69),(87,45,15),(87,138,67),(87,197,62),(87,248,7),(87,265,29),(87,448,73),(87,488,93),(88,45,51),(88,110,21),(88,153,26),(88,349,19),(88,354,72),(89,480,21),(90,1,51),(90,167,61),(90,255,82),(90,398,73),(90,463,50),(91,114,75),(92,28,73),(92,30,53),(92,377,68),(93,58,40),(93,290,71),(93,334,64),(94,222,68),(94,293,66),(94,386,83),(95,155,22),(95,178,43),(95,224,72),(95,299,79),(95,338,48),(96,413,30),(96,415,89),(97,179,7),(97,330,30),(97,436,27),(98,147,17),(98,227,81),(98,311,74),(99,72,12),(99,188,85),(99,208,24),(99,368,79),(100,111,52),(100,253,46),(100,444,15),(101,12,85),(101,133,93),(101,266,40),(101,273,50),(101,355,4),(101,468,29),(102,20,37),(102,33,65),(102,56,50),(102,115,39),(102,116,17),(102,149,92),(102,204,20),(102,217,42),(102,221,57),(102,311,64),(102,469,10),(103,37,83),(103,386,22),(103,405,88),(104,51,44),(104,130,17),(104,213,73),(104,227,84),(104,290,47),(104,397,78),(104,438,65),(105,48,93),(105,219,92),(105,483,71),(107,67,97),(107,121,20),(107,210,85),(107,284,45),(107,299,35),(107,311,51),(107,466,100),(107,491,29),(108,280,48),(108,403,49),(109,465,23),(109,478,17),(109,496,32),(110,72,49),(110,151,70),(110,212,87),(110,303,94),(110,394,84),(110,415,13),(110,424,75),(111,128,64),(111,212,18),(111,268,74),(111,362,61),(111,384,35),(112,132,35),(112,188,28),(112,225,81),(112,397,68),(113,1,38),(113,28,64),(114,47,79),(114,50,51),(114,125,85),(115,291,6),(115,471,47),(116,143,56),(116,293,58),(116,422,49),(117,14,61),(117,70,66),(117,430,28),(118,294,23),(118,339,67),(118,427,71),(119,37,34),(119,186,36),(119,225,92),(119,351,45),(119,402,13),(120,3,39),(120,329,75),(121,41,7),(121,106,42),(122,43,64),(122,61,70),(122,65,21),(123,81,60),(123,382,33),(123,418,78),(123,423,9),(124,23,39),(124,122,54),(124,135,56),(124,163,97),(124,349,69),(124,377,75),(124,421,30),(124,458,91),(125,215,72),(125,245,48),(126,56,93),(126,242,5),(126,334,9),(126,455,84),(127,183,14),(127,232,50),(127,235,81),(128,41,14),(128,80,52),(128,209,70),(128,238,45),(128,362,73),(128,458,74),(129,147,17),(129,208,5),(129,400,50),(129,452,30),(130,140,46),(130,345,19),(130,386,3),(130,455,59),(130,499,100),(131,47,27),(131,61,19),(131,219,37),(131,391,50),(131,417,68),(131,499,79),(132,228,27),(133,28,52),(133,253,88),(133,469,26),(134,162,3),(134,167,14),(134,200,16),(134,247,58),(134,290,73),(134,417,72),(134,457,94),(135,156,41),(135,260,24),(135,356,60),(135,418,96),(136,25,51),(136,262,70),(136,316,8),(136,322,98),(136,377,38),(136,455,83),(138,244,95),(138,282,31),(138,354,45),(138,400,12),(138,452,19),(139,30,68),(139,119,75),(139,220,36),(140,67,81),(140,96,84),(140,297,30),(140,312,9),(140,468,27),(140,472,52),(141,314,17),(141,376,11),(141,494,25),(142,204,77),(143,396,11),(143,406,3),(143,486,67),(144,65,87),(144,116,76),(144,204,96),(144,311,71),(145,259,71),(145,325,76),(146,392,53),(146,434,97),(146,452,6),(147,120,52),(147,413,53),(147,479,22),(148,50,36),(148,195,78),(148,228,73),(148,394,76),(149,51,60),(149,146,96),(149,209,37),(150,322,72),(150,353,69),(151,67,10),(151,259,90),(153,152,28),(153,437,23),(153,482,54),(153,491,23),(154,83,14),(154,89,3),(154,123,5),(154,124,77),(154,186,50),(154,221,27),(154,420,23),(154,496,52),(155,156,62),(155,391,92),(156,91,62),(156,156,74),(156,323,92),(156,351,73),(156,435,15),(157,207,94),(157,220,61),(157,357,75),(158,116,100),(160,166,7),(160,264,14),(160,330,90),(160,363,91),(160,402,20),(160,447,3),(161,266,61),(161,274,30),(161,330,87),(161,331,19),(161,366,43),(163,361,86),(163,380,25),(164,41,6),(164,281,7),(165,2,15),(165,137,75),(165,213,93),(165,227,28),(165,417,26),(166,87,47),(166,310,31),(166,432,100),(166,436,46),(167,4,88),(167,212,11),(167,286,99),(168,66,73),(168,199,6),(169,20,98),(169,225,44),(170,38,78),(170,106,37),(170,319,25),(170,349,6),(170,471,77),(172,331,55),(172,365,80),(173,148,27),(173,174,51),(174,76,68),(174,295,24),(175,215,60),(175,309,15),(175,460,31),(176,459,14),(178,174,25),(178,213,17),(178,250,24),(178,315,82),(178,366,73),(178,479,23),(179,40,16),(179,115,18),(179,434,93),(180,407,81),(181,171,19),(181,235,43),(181,329,73),(182,194,53),(183,199,5),(183,270,31),(183,451,45),(183,454,27),(184,162,10),(184,234,76),(184,349,35),(184,479,19),(185,16,76),(185,33,22),(185,81,93),(185,399,8),(186,32,95),(186,169,59),(186,457,37),(187,21,6),(187,49,25),(187,232,87),(187,376,58),(188,1,36),(188,237,92),(188,387,64),(189,89,77),(189,121,74),(190,119,17),(190,167,73),(190,228,92),(190,468,44),(191,127,16),(191,145,61),(191,243,91),(191,380,80),(191,385,8),(191,429,4),(192,9,66),(192,13,99),(192,200,25),(193,215,34),(194,73,12),(195,84,21),(195,189,28),(195,247,21),(195,360,78),(195,427,46),(195,463,50),(196,59,42),(196,320,37),(197,230,56),(197,351,51),(197,376,23),(198,24,43),(198,338,48),(198,421,76),(199,17,31),(199,244,26),(199,414,26),(199,491,93),(199,496,91),(200,177,8),(200,226,100),(200,229,94),(200,401,61),(201,87,86),(201,408,96),(202,102,93),(202,261,4),(203,40,15),(203,42,59),(203,85,58),(203,107,80),(203,214,63),(204,14,83),(204,69,90),(204,91,70),(204,330,27),(204,442,40),(204,498,78),(205,77,52),(205,191,70),(205,259,35),(205,264,99),(205,338,27),(206,311,22),(207,18,86),(207,22,72),(207,198,87),(207,287,52),(207,475,59),(208,62,90),(208,166,63),(208,373,20),(208,445,70),(208,459,33),(209,7,64),(209,12,57),(209,126,10),(209,184,84),(211,102,79),(211,209,62),(211,286,36),(211,346,18),(211,408,20),(212,182,88),(213,72,34),(213,116,40),(213,118,1),(213,297,57),(213,343,56),(214,179,1),(215,29,37),(215,262,27),(215,299,18),(215,358,80),(216,131,56),(217,196,78),(217,244,92),(217,245,52),(217,329,13),(217,445,73),(218,261,81),(219,25,23),(219,369,74),(219,382,30),(219,466,89),(221,229,63),(221,289,34),(222,59,40),(222,404,71),(222,448,79),(222,488,43),(223,120,100),(223,154,48),(223,251,11),(223,323,3),(223,432,55),(223,492,62),(224,1,35),(224,51,41),(224,95,21),(224,230,13),(224,288,44),(224,464,55),(225,24,46),(225,43,76),(225,248,83),(226,2,62),(226,4,57),(226,258,71),(227,358,71),(228,78,54),(228,192,57),(228,422,15),(229,167,38),(229,408,46),(229,416,21),(231,23,98),(231,30,54),(231,37,89),(231,211,10),(231,212,43),(233,171,25),(233,208,24),(233,238,62),(234,316,31),(234,498,60),(235,18,50),(235,199,18),(235,406,44),(235,446,59),(235,495,43),(236,57,33),(236,246,38),(236,285,10),(236,465,51),(236,471,5),(237,31,81),(237,38,90),(238,81,100),(238,473,93),(239,169,17),(239,242,16),(239,331,14),(239,374,73),(240,21,61),(240,52,75),(240,71,54),(241,100,49),(241,247,20),(241,259,46),(241,455,70),(242,93,74),(242,104,88),(242,441,43),(243,41,51),(243,122,24),(243,309,72),(243,345,43),(243,391,94),(244,143,76),(244,412,79),(244,430,23),(244,484,97),(244,496,95),(245,29,23),(245,53,56),(245,63,49),(245,353,85),(245,497,31),(246,31,14),(246,405,7),(246,429,75),(247,135,40),(247,193,62),(247,276,39),(248,88,20),(249,439,60),(250,146,81),(250,157,6),(250,282,23),(250,461,50),(251,92,84),(251,162,4),(252,482,33),(253,107,64),(254,108,69),(254,150,10),(254,229,89),(254,477,14),(255,378,35),(255,417,74),(256,40,63),(256,273,67),(256,474,4),(256,490,52),(257,206,44),(257,333,38),(257,340,92),(257,480,37),(258,81,53),(258,171,95),(258,175,37),(258,300,6),(258,312,61),(258,365,6),(259,68,46),(259,272,97),(259,273,9),(259,422,66),(259,431,77),(260,260,1),(261,214,59),(261,288,14),(261,421,16),(261,452,11),(262,166,100),(262,171,44),(262,260,1),(262,271,100),(262,487,51),(263,29,18),(263,186,6),(263,306,77),(264,85,36),(264,136,37),(264,329,1),(264,422,69),(264,447,72),(265,27,37),(265,124,93),(265,287,90),(266,354,81),(266,418,43),(267,35,55),(267,47,59),(267,326,86),(268,246,84),(269,17,46),(269,45,52),(269,55,36),(269,124,30),(269,136,99),(269,139,27),(269,182,99),(270,154,14),(270,160,65),(270,187,1),(270,202,87),(270,302,72),(270,378,38),(270,467,32),(270,470,60),(271,225,35),(271,355,52),(272,257,91),(273,187,63),(273,227,44),(273,297,98),(273,313,39),(274,165,71),(274,183,41),(274,218,91),(274,288,26),(275,374,6),(275,378,35),(276,62,54),(276,251,63),(276,324,30),(276,373,85),(276,387,2),(277,14,97),(277,150,98),(277,173,25),(277,212,87),(277,320,91),(277,358,72),(277,374,54),(277,431,83),(278,2,41),(278,32,2),(278,170,62),(278,203,45),(278,334,12),(278,401,62),(278,443,65),(279,367,59),(279,395,23),(280,116,56),(280,123,43),(280,355,4),(281,59,94),(281,144,85),(281,435,22),(281,479,85),(282,78,53),(282,139,32),(282,260,88),(282,410,15),(283,43,54),(283,248,98),(283,283,58),(283,447,21),(284,26,90),(284,166,4),(284,249,99),(284,323,32),(284,325,92),(285,36,29),(285,285,33),(286,93,38),(286,489,2),(287,374,44),(288,80,30),(288,444,8),(289,44,96),(289,140,97),(289,162,85),(289,207,3),(289,335,26),(289,475,70),(289,490,66),(290,149,77),(290,239,28),(290,450,34),(291,49,3),(291,159,6),(291,249,22),(291,294,38),(291,429,79),(291,447,33),(292,68,67),(292,105,47),(292,224,22),(292,438,60),(292,469,65),(293,185,82),(293,227,23),(294,39,9),(294,258,35),(295,2,33),(295,86,76),(295,117,98),(295,194,66),(295,413,11),(296,130,7),(296,193,24),(296,209,58),(296,310,79),(296,496,71),(297,332,50),(297,352,80),(297,425,3),(298,105,89),(298,133,7),(298,182,49),(298,275,44),(299,33,78),(299,209,79),(299,300,53),(300,64,70),(300,124,17),(300,277,82),(300,328,9),(300,432,75),(301,9,43),(301,15,11),(301,208,62),(301,238,95),(303,103,79),(303,230,76),(303,245,71),(304,104,65),(305,11,18),(305,45,66),(305,371,25),(306,32,90),(307,98,96),(307,132,78),(307,197,21),(307,312,61),(307,488,73),(308,49,62),(308,133,59),(308,307,63),(309,236,13),(309,377,65),(309,470,3),(310,56,30),(310,404,97),(311,166,36),(311,260,20),(311,332,100),(311,433,93),(312,122,31),(312,214,22),(312,223,90),(312,483,10),(312,489,61),(313,16,3),(313,125,89),(313,394,17),(313,426,80),(314,154,33),(314,457,66),(315,297,76),(315,487,81),(316,35,64),(316,242,87),(316,437,32),(317,35,35),(317,100,3),(317,191,75),(317,223,10),(317,266,13),(317,276,63),(317,435,21),(318,11,21),(318,53,66),(318,127,39),(318,172,17),(320,212,33),(320,344,49),(320,467,13),(320,492,97),(321,378,81),(321,494,21),(322,198,18),(322,224,58),(323,80,19),(323,412,39),(324,14,97),(324,127,76),(324,410,95),(324,439,19),(324,481,6),(324,496,89),(325,35,21),(325,57,92),(325,134,41),(325,214,38),(326,1,11),(326,104,63),(326,184,51),(326,195,79),(327,38,99),(327,48,79),(327,254,64),(327,311,92),(327,387,9),(327,467,61),(327,475,81),(328,19,49),(328,135,82),(328,147,41),(328,215,74),(328,260,42),(329,137,76),(329,266,14),(329,405,12),(330,28,31),(330,147,3),(330,279,47),(330,367,73),(330,413,43),(330,433,85),(330,479,61),(331,104,32),(331,258,7),(331,280,45),(331,451,33),(332,19,35),(332,183,86),(332,227,16),(332,243,18),(332,327,23),(332,333,50),(332,454,47),(333,23,42),(333,102,85),(333,245,29),(333,308,12),(333,349,3),(333,373,43),(333,433,85),(334,96,8),(334,131,13),(334,145,69),(334,222,95),(334,325,47),(334,382,7),(335,94,20),(335,130,40),(335,287,66),(335,494,79),(336,197,15),(336,269,74),(336,372,1),(336,474,85),(337,54,3),(337,76,87),(337,382,79),(338,333,19),(339,5,20),(339,108,38),(339,247,97),(339,497,76),(340,211,57),(340,246,51),(340,283,62),(340,292,85),(340,356,16),(341,176,78),(341,272,57),(341,326,4),(341,342,4),(342,47,58),(342,153,35),(342,362,91),(343,163,49),(343,315,6),(343,366,88),(343,399,3),(343,415,85),(343,445,17),(343,487,19),(344,336,40),(344,366,19),(344,416,14),(344,427,60),(345,25,17),(345,130,80),(345,215,80),(345,294,70),(345,453,49),(346,49,97),(346,173,82),(346,289,87),(347,68,39),(347,363,78),(347,450,45),(348,347,19),(348,416,26),(348,456,35),(348,481,33),(349,23,15),(349,176,76),(349,493,73),(350,48,2),(350,86,52),(350,135,4),(351,30,12),(351,88,26),(351,91,74),(351,182,47),(351,235,25),(351,392,82),(351,465,64),(352,152,54),(352,184,29),(352,234,41),(352,334,84),(352,440,5),(353,75,24),(354,46,83),(355,30,48),(355,44,90),(355,58,83),(355,116,55),(355,242,36),(356,167,44),(356,352,78),(357,60,100),(357,64,21),(357,103,53),(357,156,85),(357,307,47),(357,312,100),(358,273,9),(358,370,76),(359,17,77),(359,66,88),(359,302,65),(359,306,59),(359,413,41),(360,95,36),(360,264,54),(360,275,30),(361,22,15),(361,35,15),(361,78,34),(361,142,94),(361,143,76),(361,356,85),(362,20,24),(363,440,92),(364,254,66),(364,322,35),(364,330,91),(365,232,23),(365,418,34),(366,76,31),(366,111,81),(366,254,41),(366,324,69),(366,380,90),(366,470,56),(366,496,95),(367,38,62),(367,62,61),(367,143,55),(367,375,41),(367,419,24),(368,106,91),(368,151,80),(368,219,81),(370,23,67),(370,29,19),(370,63,86),(371,100,27),(371,109,39),(371,193,81),(371,346,9),(371,363,58),(371,418,10),(372,159,84),(372,321,58),(372,399,16),(373,245,31),(373,374,10),(374,123,94),(374,282,94),(374,496,12),(375,6,77),(375,183,29),(375,222,75),(375,449,15),(376,157,19),(376,161,92),(376,375,80),(376,381,35),(376,387,38),(376,443,99),(377,64,67),(377,393,8),(378,142,20),(378,174,18),(378,343,18),(379,75,56),(379,144,39),(379,204,47),(379,379,72),(379,403,89),(379,498,28),(380,30,76),(380,187,19),(381,91,36),(381,173,98),(381,348,44),(381,373,34),(381,445,76),(382,24,49),(382,72,65),(382,302,17),(382,392,86),(383,53,76),(383,228,78),(383,471,5),(384,228,41),(384,312,86),(385,478,69),(386,16,82),(386,185,50),(386,219,28),(388,221,6),(389,84,38),(389,486,82),(390,147,62),(390,213,15),(390,236,67),(390,463,48),(391,27,76),(391,180,97),(391,249,89),(391,256,57),(391,355,95),(392,186,84),(392,391,67),(393,51,84),(393,83,43),(393,94,43),(393,231,1),(394,195,40),(394,232,69),(394,450,12),(395,315,75),(395,318,2),(395,481,9),(396,72,89),(396,340,29),(396,475,71),(397,86,74),(397,241,6),(397,245,28),(397,485,57),(398,61,68),(398,146,40),(398,172,83),(398,246,47),(399,173,79),(400,315,5),(401,260,83),(401,310,69),(402,225,83),(403,30,73),(403,57,21),(403,109,39),(403,158,31),(403,189,26),(403,376,79),(404,30,87),(404,67,91),(404,233,91),(404,255,77),(404,425,52),(405,125,44),(405,334,78),(406,148,39),(406,365,8),(407,172,23),(407,376,16),(408,40,60),(408,43,66),(408,126,22),(408,269,36),(408,303,57),(408,438,44),(408,460,25),(409,270,71),(409,282,31),(409,345,24),(409,383,86),(409,431,8),(410,107,40),(411,16,91),(411,74,41),(411,129,73),(411,376,17),(411,441,10),(411,478,76),(412,86,75),(412,161,51),(412,236,8),(412,347,68),(413,182,95),(413,412,80),(413,442,3),(414,246,2),(415,171,18),(415,487,99),(416,94,18),(416,204,56),(416,441,66),(417,308,66),(417,326,71),(418,54,48),(418,207,92),(420,272,51),(420,285,50),(420,407,79),(420,466,29),(421,242,92),(421,361,36),(421,399,72),(422,16,79),(422,70,52),(422,163,95),(422,259,14),(422,408,77),(423,276,68),(424,104,41),(424,193,95),(424,241,46),(424,470,72),(425,123,20),(425,462,15),(425,490,97),(426,103,85),(426,177,24),(426,488,72),(427,352,92),(427,356,78),(427,361,70),(427,492,22),(428,104,93),(428,265,85),(428,369,9),(428,370,61),(428,439,86),(428,482,70),(429,351,12),(429,418,61),(430,431,59),(431,233,5),(431,316,81),(431,400,36),(431,425,82),(432,486,41),(434,11,21),(434,238,98),(434,300,54),(434,319,75),(434,404,85),(434,456,86),(435,364,60),(436,40,45),(436,86,28),(436,174,18),(436,386,57),(437,4,76),(437,89,64),(437,138,69),(437,270,53),(437,404,66),(437,486,2),(438,15,21),(438,137,69),(438,235,26),(438,471,75),(439,170,69),(439,300,43),(439,310,87),(440,17,92),(440,334,42),(440,430,79),(440,441,92),(440,493,68),(441,202,91),(441,213,70),(441,300,44),(441,485,15),(442,83,55),(442,193,5),(442,296,25),(442,305,2),(443,41,68),(443,323,44),(443,379,21),(444,142,30),(445,83,23),(445,243,49),(445,426,19),(446,198,25),(446,499,6),(447,106,8),(447,496,54),(448,97,72),(448,162,90),(448,222,55),(448,427,65),(449,218,85),(450,114,94),(450,196,53),(450,302,7),(450,360,66),(451,286,65),(451,445,5),(452,185,63),(452,186,83),(452,228,28),(453,54,12),(453,74,85),(453,184,32),(453,246,66),(453,445,68),(454,98,50),(454,228,6),(454,489,77),(455,2,91),(455,24,67),(455,222,59),(455,317,34),(456,71,10),(456,83,36),(456,242,95),(456,315,8),(457,282,42),(457,292,17),(457,314,51),(457,315,4),(457,397,20),(458,18,10),(458,317,71),(458,494,81),(458,499,38),(459,27,23),(459,35,65),(459,272,93),(460,233,39),(460,352,40),(461,281,28),(461,359,1),(461,467,13),(462,63,77),(462,112,32),(462,126,69),(462,206,78),(463,133,21),(463,242,57),(463,387,62),(463,415,20),(464,31,12),(464,233,28),(464,393,36),(465,137,87),(465,159,28),(466,80,45),(466,273,68),(466,430,42),(466,452,69),(466,495,82),(467,482,41),(468,82,85),(468,120,33),(468,136,83),(468,231,95),(469,51,90),(469,196,4),(469,249,79),(469,283,37),(469,325,85),(469,444,14),(470,119,75),(470,354,4),(470,359,14),(470,495,99),(471,32,42),(471,265,73),(471,463,1),(472,186,95),(472,382,19),(473,11,89),(473,55,45),(473,282,40),(473,369,97),(475,97,58),(475,305,62),(475,308,49),(475,467,31),(476,209,21),(476,320,87),(476,386,26),(476,478,57),(477,41,68),(477,160,95),(477,180,95),(477,211,15),(477,358,2),(477,477,87),(478,221,3),(478,434,73),(478,455,42),(479,79,38),(479,89,71),(479,166,69),(479,217,14),(479,275,21),(479,451,37),(480,281,64),(480,319,56),(481,34,91),(481,264,61),(481,460,44),(482,337,21),(482,422,22),(483,491,20),(485,14,82),(485,29,17),(485,256,52),(485,397,9),(485,455,2),(485,457,32),(486,13,97),(486,232,47),(486,494,94),(487,407,91),(487,421,54),(487,447,63),(488,282,92),(489,12,54),(489,172,95),(489,347,24),(490,171,18),(490,197,26),(491,166,36),(491,213,29),(491,490,89),(492,83,70),(492,379,30),(492,472,13),(493,385,91),(493,470,33),(494,45,91),(494,97,5),(494,123,90),(494,127,25),(494,207,73),(494,465,18),(495,49,8),(495,146,84),(495,162,99),(495,237,3),(495,295,26),(495,301,95),(495,394,20),(496,201,3),(496,337,84),(496,400,43),(497,11,19),(498,356,55),(498,438,99),(499,100,64),(499,104,1),(499,343,73),(499,424,92),(500,122,28),(500,272,36),(500,320,75),(500,341,25),(500,460,22),(501,98,91),(501,245,41),(501,350,33),(501,434,63),(502,49,12),(502,124,50),(502,167,79),(502,238,31),(502,456,80),(503,243,5),(503,299,31),(503,398,77),(504,193,97),(504,351,1),(504,463,69),(505,116,61),(505,118,42),(505,255,38),(505,349,69),(505,355,8),(505,415,79),(506,380,60),(507,116,61),(507,202,95),(507,426,52),(508,33,100),(508,54,70),(508,77,23),(508,171,32),(508,203,71),(508,415,99),(508,440,56),(509,29,83),(509,193,86),(509,448,45),(510,264,1),(511,350,72),(512,98,2),(512,201,39),(512,228,21),(512,334,79),(512,362,80),(512,427,16),(513,22,16),(513,57,21),(513,92,96),(513,95,38),(513,106,98),(513,432,52),(515,145,82),(516,16,29),(516,35,76),(516,83,24),(516,121,20),(516,394,21),(517,83,2),(517,106,67),(517,141,87),(517,174,40),(518,153,37),(518,389,26),(519,108,21),(520,9,59),(520,115,29),(520,235,85),(520,456,1),(520,468,12),(521,92,28),(521,404,80),(522,310,76),(522,398,17),(522,465,46),(523,384,12),(524,287,22),(525,66,66),(525,303,7),(525,492,16),(526,52,57),(526,199,56),(526,316,73),(526,461,57),(526,494,59),(527,305,14),(527,335,69),(527,454,64),(528,427,23),(528,489,97),(529,263,38),(529,409,54),(530,362,96),(531,107,60),(531,247,93),(532,19,71),(532,149,25),(532,378,36),(532,394,47),(533,119,88),(533,124,65),(533,323,45),(533,399,74),(533,494,65),(534,174,71),(534,427,56),(535,125,79),(535,141,18),(535,362,7),(536,43,91),(536,217,88),(537,28,88),(537,52,67),(537,206,19),(537,271,68),(537,290,17),(538,56,51),(538,296,29),(539,70,20),(539,100,61),(539,136,29),(539,196,22),(539,316,74),(540,190,90),(540,305,48),(540,317,24),(541,113,40),(541,136,19),(541,204,21),(541,353,27),(541,426,14),(543,439,96),(543,486,42),(544,333,73),(545,32,95),(545,329,9),(545,338,88),(546,217,92),(546,359,74),(546,426,17),(547,144,24),(548,22,2),(548,82,79),(548,96,15),(548,122,21),(548,211,55),(548,351,57),(548,476,74),(549,36,10),(549,316,70),(550,28,45),(550,137,85),(551,27,24),(551,56,75),(551,131,10),(551,140,75),(551,411,97),(551,443,59),(551,478,41),(552,206,72),(553,148,83),(553,176,97),(553,227,96),(553,353,49),(553,465,63),(553,469,82),(554,40,61),(554,199,72),(554,277,29),(554,326,5),(554,486,98),(555,137,97),(555,201,75),(555,330,54),(555,440,41),(556,80,98),(556,104,3),(556,213,58),(556,426,45),(557,109,93),(557,186,43),(557,471,73),(558,118,68),(558,131,58),(558,205,97),(558,345,77),(558,422,59),(558,460,42),(559,113,69),(559,153,53),(559,162,99),(559,498,89),(560,294,44),(560,333,48),(561,10,60),(561,13,2),(561,172,29),(561,189,2),(561,217,61),(561,340,26),(562,150,75),(562,276,49),(562,319,11),(562,323,39),(563,38,36),(563,328,93),(564,165,40),(564,209,84),(564,286,51),(564,341,58),(564,385,77),(564,472,29),(565,137,43),(565,138,10),(565,192,11),(565,412,1),(566,378,10),(567,64,18),(567,149,69),(567,227,33),(567,373,99),(567,432,33),(568,28,50),(568,154,99),(568,376,71),(568,470,14),(568,488,63),(568,497,64),(569,65,12),(569,431,29),(569,493,84),(570,12,40),(570,57,46),(570,186,79),(570,198,81),(570,413,80),(571,132,77),(572,138,6),(572,180,67),(572,295,47),(573,11,91),(573,63,31),(573,110,31),(573,142,8),(573,172,26),(573,182,60),(573,226,65),(573,337,43),(573,367,60),(573,404,71),(573,431,85),(574,23,23),(574,32,69),(574,393,9),(574,472,38),(575,294,61),(575,388,45),(576,109,86),(576,226,81),(577,22,24),(577,71,33),(577,129,89),(577,203,38),(577,221,68),(577,345,47),(577,386,74),(578,382,12),(578,440,45),(579,4,91),(579,100,63),(579,244,11),(580,131,92),(581,80,21),(581,459,61),(582,213,51),(582,276,38),(582,301,45),(583,229,28),(583,388,85),(583,391,97),(583,405,40),(583,427,4),(584,25,24),(584,234,24),(584,454,43),(585,182,95),(585,248,63),(585,460,96),(586,259,15),(586,402,32),(586,403,71),(588,118,23),(588,353,73),(588,399,91),(589,3,44),(589,104,1),(589,190,97),(589,198,77),(590,67,57),(590,223,39),(590,288,5),(590,382,87),(590,384,22),(590,412,31),(590,495,82),(591,79,84),(591,141,32),(591,386,83),(592,283,39),(592,322,10),(592,369,49),(593,47,24),(593,85,50),(593,152,76),(593,169,10),(593,323,39),(593,335,42),(594,13,97),(594,357,40),(595,464,66),(595,487,56),(596,13,41),(596,51,50),(596,69,8),(596,110,17),(596,241,49),(597,147,51),(597,159,61),(597,383,67),(597,486,46),(598,116,57),(598,138,25),(598,388,21),(599,66,88),(599,129,20),(599,337,88),(599,403,17),(600,5,83),(600,177,20),(600,205,5),(600,229,60),(601,87,59),(601,108,40),(601,250,64),(602,4,95),(602,136,5),(602,445,50),(603,41,2),(603,101,70),(603,318,50),(603,348,21),(604,47,7),(604,332,85),(605,380,34),(606,256,89),(606,455,70),(608,17,74),(608,403,49),(609,191,67),(610,196,93),(610,305,61),(610,308,59),(610,338,48),(610,355,8),(610,409,70),(611,53,43),(611,141,58),(611,147,79),(612,41,57),(612,45,66),(612,234,73),(612,389,72),(612,411,23),(613,114,51),(613,167,99),(614,121,25),(614,223,80),(614,330,1),(614,391,65),(615,435,38),(615,488,41),(616,51,10),(616,220,50),(616,462,31),(617,63,80),(618,131,60),(618,181,42),(619,31,23),(619,294,77),(619,334,66),(620,93,83),(620,117,67),(620,241,11),(620,294,54),(620,322,73),(620,350,33),(620,449,42),(621,87,85),(621,124,32),(621,387,72),(621,429,66),(621,439,100),(622,101,97),(622,293,54),(622,309,13),(623,66,87),(624,76,54),(624,121,9),(624,399,15),(625,18,17),(625,137,80),(625,155,69),(625,399,18),(625,410,43),(625,446,27),(625,467,99),(626,258,33),(626,374,11),(627,259,63),(628,332,31),(628,386,59),(629,6,2),(629,289,13),(629,329,54),(630,1,76),(630,210,54),(630,251,42),(630,410,78),(631,74,61),(631,121,3),(631,400,61),(632,1,54),(632,197,92),(632,453,61),(632,491,3),(633,28,64),(633,88,7),(633,102,54),(633,311,77),(633,369,40),(633,401,19),(633,473,91),(634,36,60),(634,72,4),(634,98,1),(634,242,12),(634,335,58),(634,414,86),(634,452,82),(635,159,66),(635,444,25),(636,131,83),(636,148,96),(637,156,68),(637,197,47),(637,267,76),(637,469,7),(638,160,14),(638,305,22),(638,384,6),(638,428,12),(639,197,74),(639,457,84),(640,213,41),(640,358,99),(640,396,77),(641,77,32),(641,184,83),(642,86,66),(642,89,97),(642,259,36),(642,305,50),(643,313,1),(643,424,75),(643,482,22),(644,157,38),(644,178,93),(644,202,95),(644,370,15),(644,391,91),(644,443,7),(645,13,44),(646,35,30),(646,211,77),(646,262,46),(647,110,97),(647,128,100),(647,230,100),(647,372,90),(647,481,73),(647,482,50),(648,165,23),(648,170,15),(648,321,100),(649,65,9),(650,388,10),(651,4,11),(651,481,59),(651,496,81),(652,175,57),(652,247,76),(652,372,66),(652,448,35),(653,145,41),(653,157,69),(653,217,16),(653,354,57),(653,443,61),(654,7,85),(654,38,85),(654,247,31),(654,273,47),(654,299,90),(655,50,32),(655,239,52),(656,1,90),(656,165,77),(656,194,40),(657,300,4),(657,418,88),(658,78,94),(658,107,6),(658,177,90),(658,180,25),(658,392,4),(658,398,35),(658,471,22),(658,484,52),(659,87,33),(659,266,18),(659,273,8),(660,154,62),(660,188,21),(660,202,100),(660,207,91),(661,163,14),(661,189,14),(661,332,14),(661,473,15),(661,485,42),(662,35,43),(662,61,51),(663,26,21),(663,132,32),(663,189,99),(663,374,82),(664,66,48),(664,269,46),(664,361,34),(664,443,25),(665,3,40),(665,148,56),(665,311,73),(665,355,79),(665,432,22),(665,450,98),(666,70,85),(666,109,91),(666,328,48),(667,42,68),(667,124,95),(667,414,5),(668,164,92),(669,41,65),(669,345,91),(669,444,24),(670,58,56),(670,59,45),(670,98,31),(670,102,61),(670,424,66),(671,151,17),(671,204,29),(671,362,98),(673,116,63),(673,119,79),(673,320,30),(673,326,44),(673,450,58),(674,32,67),(674,459,53),(675,15,42),(675,32,39),(675,220,74),(676,3,19),(676,9,22),(676,39,63),(676,129,4),(676,133,70),(676,372,23),(677,166,36),(678,53,31),(678,98,1),(678,191,30),(679,1,43),(679,8,81),(679,81,22),(679,89,45),(679,93,12),(679,110,45),(679,380,69),(679,385,100),(680,113,66),(680,176,12),(680,243,88),(680,278,99),(680,299,29),(680,495,85),(680,500,50),(681,156,64),(681,170,54),(681,324,44),(681,360,62),(682,4,93),(682,73,79),(682,231,12),(682,493,10),(683,82,8),(684,5,66),(684,142,64),(684,310,14),(684,328,41),(684,333,74),(684,394,92),(684,450,95),(685,485,44),(686,2,63),(686,73,53),(686,120,65),(686,210,12),(686,450,69),(686,458,41),(688,31,16),(688,406,34),(689,135,92),(689,197,20),(689,460,68),(689,488,97),(689,490,3),(691,168,60),(691,170,70),(691,332,97),(691,450,86),(692,7,78),(692,218,58),(692,229,95),(692,491,36),(693,12,84),(693,319,95),(693,363,60),(693,368,64),(694,22,46),(694,67,81),(694,251,47),(695,15,65),(695,46,51),(695,226,99),(695,249,84),(695,260,94),(695,281,86),(695,493,56),(696,53,41),(696,67,96),(696,287,16),(697,142,73),(697,459,3),(697,492,81),(697,499,81),(698,67,38),(698,145,63),(698,151,99),(698,284,82),(698,459,26),(699,8,89),(699,167,21),(699,245,46),(700,311,63),(700,413,58),(701,21,15),(701,293,3),(701,303,38),(701,395,57),(701,424,39),(703,230,78),(703,245,58),(703,303,52),(703,470,8),(704,53,23),(704,128,23),(704,219,72),(704,500,36),(705,130,28),(705,257,92),(706,381,36),(707,92,43),(707,318,93),(707,419,29),(707,424,58),(708,148,23),(708,258,26),(708,271,49),(708,392,89),(709,481,58),(710,248,8),(710,336,73),(710,435,25),(710,472,68),(711,41,56),(711,399,37),(712,109,90),(712,337,81),(713,35,10),(713,118,43),(713,123,37),(713,169,8),(713,305,80),(714,52,23),(714,130,50),(714,186,39),(714,240,76),(714,266,46),(714,340,11),(715,301,61),(715,428,54),(716,54,87),(716,76,69),(716,98,8),(716,360,58),(716,482,25),(717,313,5),(717,323,87),(717,412,28),(718,142,56),(718,191,46),(718,203,55),(718,395,29),(718,412,16),(719,172,49),(719,377,20),(719,494,77),(720,92,44),(720,378,36),(720,380,56),(720,435,7),(721,24,42),(721,175,43),(722,209,66),(722,262,26),(722,417,16),(723,27,33),(723,221,18),(723,394,93),(723,415,44),(723,465,40),(724,43,51),(724,96,72),(724,160,70),(724,175,59),(724,359,33),(724,380,52),(725,34,44),(725,62,5),(725,194,89),(725,345,30),(726,80,71),(726,415,11),(727,97,63),(728,106,50),(728,118,36),(728,222,51),(728,250,93),(728,308,78),(728,437,25),(729,87,69),(729,187,48),(729,306,61),(730,215,87),(730,415,44),(731,156,7),(731,254,3),(732,183,93),(732,350,51),(733,262,28),(733,414,58),(734,158,82),(734,342,77),(734,408,67),(734,409,19),(735,114,59),(735,147,45),(735,217,13),(735,453,6),(736,256,24),(737,109,27),(738,318,53),(739,161,87),(739,217,53),(739,337,33),(740,36,37),(740,336,65),(740,394,15),(741,35,71),(741,171,94),(741,185,12),(741,208,34),(742,203,37),(743,117,39),(743,212,28),(744,278,91),(744,452,93),(745,178,28),(745,260,60),(746,253,88),(746,339,63),(747,152,77),(748,116,57),(748,129,63),(748,206,52),(749,127,30),(749,305,98),(749,372,19),(749,479,65),(750,52,56),(751,51,14),(751,142,98),(751,175,46),(751,326,73),(752,56,84),(752,65,56),(753,82,77),(753,190,25),(754,80,97),(754,129,11),(754,346,91),(754,464,97),(755,132,6),(755,304,17),(755,335,5),(756,264,52),(756,377,17),(756,379,91),(756,442,54),(756,476,32),(757,70,57),(757,91,31),(757,133,64),(757,222,65),(757,437,37),(758,47,12),(758,103,42),(758,200,33),(758,405,47),(759,44,4),(759,110,98),(760,112,2),(760,470,58),(760,472,95),(761,97,85),(761,370,71),(762,246,99),(762,332,83),(763,52,95),(763,253,34),(763,397,59),(764,315,29),(764,355,90),(765,19,24),(765,237,93),(765,252,78),(765,305,72),(765,464,45),(765,482,23),(765,494,18),(766,37,4),(766,249,38),(767,18,1),(767,288,43),(767,436,96),(768,146,26),(768,248,65),(768,435,2),(768,454,39),(770,59,56),(770,64,49),(770,169,62),(770,186,59),(770,330,9),(770,337,78),(770,421,97),(771,134,30),(771,255,61),(772,70,22),(772,74,48),(772,117,49),(772,342,22),(773,425,40),(774,145,72),(774,313,79),(775,52,93),(775,112,1),(775,197,91),(775,389,59),(776,40,25),(776,229,20),(776,284,15),(777,4,89),(777,372,83),(778,434,54),(778,466,15),(778,488,41),(779,102,24),(779,149,89),(779,427,67),(779,432,46),(779,448,85),(779,459,23),(780,47,39),(780,152,37),(780,155,26),(780,273,60),(780,443,84),(781,29,82),(781,109,22),(781,146,61),(781,172,91),(781,234,63),(781,268,35),(781,311,16),(782,46,77),(782,217,60),(782,318,28),(782,433,73),(782,460,33),(782,474,53),(782,490,80),(783,25,68),(783,38,62),(783,158,77),(783,178,94),(783,227,28),(783,267,99),(783,329,52),(783,364,71),(783,414,13),(784,269,28),(785,16,100),(785,81,22),(785,140,21),(785,151,19),(785,273,71),(785,320,24),(786,154,18),(786,189,82),(786,195,28),(787,219,10),(787,360,85),(788,181,89),(788,409,51),(788,441,35),(788,456,50),(789,30,67),(790,122,32),(790,215,50),(790,320,52),(791,3,25),(791,290,90),(791,366,11),(792,36,77),(792,49,63),(792,113,86),(793,193,64),(793,195,96),(794,115,41),(794,146,5),(794,264,98),(794,267,59),(794,351,58),(795,25,69),(795,43,28),(795,114,35),(796,251,24),(796,341,31),(796,446,26),(796,472,33),(797,35,97),(797,218,9),(797,230,11),(797,234,62),(798,19,35),(798,57,61),(798,361,35),(799,85,23),(799,340,66),(799,434,47),(800,24,87),(800,98,77),(800,492,47),(801,208,96),(801,236,98),(801,264,54),(801,265,32),(801,328,56),(801,419,32),(801,454,13),(801,462,9),(801,476,23),(802,11,92),(802,297,58),(803,258,69),(803,351,11),(803,412,52),(804,33,96),(805,19,63),(805,432,73),(805,437,93),(806,17,63),(806,110,66),(806,247,90),(807,10,81),(807,95,6),(807,294,78),(807,403,50),(807,418,80),(808,101,57),(808,105,1),(808,106,94),(808,417,27),(809,64,98),(809,71,69),(809,276,96),(809,352,67),(810,292,10),(810,324,23),(810,428,27),(811,6,78),(811,56,39),(811,179,28),(811,322,33),(812,84,14),(812,104,85),(812,272,88),(812,277,83),(812,481,50),(813,90,62),(813,124,77),(813,148,39),(813,242,40),(813,499,4),(814,43,64),(814,190,50),(815,229,21),(815,355,92),(816,199,63),(816,336,45),(816,447,58),(816,464,97),(817,315,57),(818,402,30),(819,47,25),(819,112,68),(819,169,9),(819,227,35),(819,384,77),(819,441,57),(820,83,15),(820,205,89),(820,315,3),(820,374,66),(821,262,13),(821,265,11),(822,8,70),(822,124,10),(822,317,69),(822,352,70),(822,388,50),(822,453,18),(822,458,31),(823,10,57),(823,139,24),(823,265,21),(823,349,34),(823,396,23),(823,478,39),(824,86,27),(824,292,73),(825,247,64),(825,405,54),(826,161,90),(826,344,87),(827,50,83),(827,285,31),(827,297,86),(828,280,99),(828,441,4),(829,73,65),(829,196,41),(829,205,12),(829,245,44),(829,490,88),(830,253,78),(830,367,96),(831,330,52),(832,92,69),(832,162,89),(832,203,37),(832,304,85),(832,357,71),(834,124,99),(834,182,42),(834,209,70),(834,408,52),(834,466,77),(835,127,22),(835,475,81),(836,32,3),(836,82,69),(836,138,63),(836,388,7),(836,439,9),(837,185,29),(837,255,17),(838,17,11),(838,98,32),(838,139,36),(838,234,70),(839,114,98),(839,162,60),(839,170,74),(839,192,67),(839,448,22),(840,170,60),(840,329,10),(841,52,14),(841,300,34),(841,318,26),(841,438,10),(841,473,49),(842,39,51),(842,227,63),(844,219,23),(844,454,60),(844,463,65),(845,6,91),(845,141,16),(845,171,14),(845,340,42),(845,435,39),(845,448,12),(846,475,54),(847,276,38),(847,312,15),(847,345,30),(847,410,68),(847,443,72),(848,34,70),(848,100,9),(848,368,80),(849,25,5),(849,51,51),(849,208,99),(849,252,51),(849,340,18),(849,349,53),(849,456,80),(850,103,24),(850,257,52),(850,478,80),(851,371,12),(851,454,25),(852,186,52),(853,160,91),(854,80,76),(854,162,81),(854,408,57),(854,414,31),(855,94,23),(855,361,100),(855,364,25),(856,190,38),(856,404,92),(857,4,10),(857,67,5),(857,111,45),(857,300,59),(857,372,5),(858,21,96),(858,96,68),(858,104,49),(858,140,26),(858,211,56),(858,256,9),(858,275,8),(858,454,16),(859,138,33),(859,314,82),(859,328,46),(859,464,50),(860,268,85),(860,408,91),(861,146,37),(861,159,29),(861,196,14),(861,277,49),(861,287,53),(862,167,54),(863,414,6),(864,98,46),(864,350,25),(864,411,92),(864,499,65),(865,206,96),(866,6,62),(866,53,45),(866,57,60),(866,100,38),(866,221,82),(867,127,33),(867,312,15),(868,255,85),(868,277,58),(868,428,42),(869,297,35),(869,465,9),(870,56,69),(870,244,79),(870,252,8),(870,254,12),(870,283,49),(870,341,1),(870,363,1),(870,364,2),(870,500,3),(871,147,77),(871,355,79),(872,68,80),(872,76,24),(872,209,4),(872,255,80),(872,306,36),(872,397,28),(872,425,82),(872,443,99),(873,105,98),(873,284,31),(873,416,31),(874,17,74),(874,30,18),(875,26,10),(875,167,30),(875,188,58),(875,255,42),(875,351,88),(875,451,85),(876,135,71),(876,451,36),(878,281,52),(878,356,75),(878,392,66),(878,450,26),(879,58,36),(879,70,71),(879,78,4),(879,226,25),(879,500,71),(880,255,88),(880,493,90),(881,257,41),(881,259,3),(881,456,60),(882,50,44),(882,55,57),(882,236,65),(883,4,32),(883,138,48),(883,214,72),(883,348,18),(884,171,71),(885,18,1),(885,79,62),(885,258,26),(885,285,61),(886,227,93),(887,113,29),(887,140,1),(888,44,22),(888,95,80),(888,231,37),(888,327,86),(888,413,40),(888,475,5),(889,348,16),(889,441,92),(889,490,67),(890,145,59),(891,283,55),(892,382,77),(892,396,10),(893,40,38),(893,57,7),(893,216,68),(894,201,58),(894,211,75),(894,236,51),(894,338,95),(894,360,78),(894,428,54),(895,32,21),(895,500,36),(896,1,76),(896,311,78),(896,416,4),(896,500,11),(897,1,17),(897,233,85),(897,234,65),(897,477,76),(898,66,9),(898,187,66),(898,202,94),(898,394,66),(898,404,70),(899,6,91),(899,39,13),(899,60,32),(899,71,75),(899,162,4),(899,270,20),(899,280,51),(899,409,82),(900,84,12),(900,251,37),(901,255,9),(901,305,11),(902,62,15),(902,185,90),(903,70,90),(903,314,16),(903,394,42),(904,3,42),(904,19,4),(904,21,99),(905,82,12),(905,95,81),(905,205,93),(905,327,14),(905,328,96),(905,343,65),(905,496,25),(906,124,8),(906,491,68),(907,46,19),(907,247,20),(907,407,52),(907,462,39),(908,314,32),(908,330,46),(909,180,81),(909,220,15),(909,479,95),(910,104,7),(910,248,42),(910,467,96),(911,4,67),(912,12,30),(912,115,90),(912,191,54),(912,207,94),(912,222,55),(912,224,25),(912,330,23),(912,356,20),(913,42,18),(913,344,99),(913,348,92),(914,92,20),(915,356,22),(915,416,41),(916,74,39),(916,147,11),(916,307,3),(916,474,56),(916,481,8),(917,8,59),(917,61,18),(917,169,19),(917,264,31),(917,364,68),(917,423,43),(917,482,49),(918,171,47),(918,310,22),(919,138,89),(919,164,100),(920,183,13),(920,221,90),(920,229,15),(920,392,34),(920,435,16),(921,226,93),(921,245,28),(921,398,59),(922,58,46),(922,207,41),(922,389,7),(923,64,97),(923,500,51),(924,21,59),(924,74,93),(924,298,89),(924,378,17),(924,381,38),(925,7,57),(925,279,44),(925,301,13),(926,82,82),(926,191,24),(926,274,31),(926,463,31),(927,11,65),(927,361,35),(928,4,47),(928,153,10),(928,278,97),(928,327,16),(928,462,5),(929,56,85),(929,461,18),(930,33,31),(930,39,57),(930,299,51),(930,371,60),(930,430,11),(931,42,22),(931,66,37),(931,249,25),(931,310,51),(931,333,27),(931,474,36),(932,222,64),(932,390,76),(933,436,34),(934,136,48),(934,148,34),(934,240,92),(934,480,16),(935,170,1),(935,214,4),(935,353,74),(935,471,68),(936,212,62),(936,327,44),(936,351,91),(936,409,68),(937,98,76),(937,216,97),(937,351,68),(937,354,74),(937,401,40),(937,480,77),(938,71,31),(938,199,46),(939,252,57),(939,273,53),(939,361,21),(940,15,82),(940,159,82),(940,198,4),(940,421,91),(941,163,98),(941,266,59),(942,79,65),(942,206,15),(942,413,89),(942,485,71),(943,112,28),(943,430,85),(944,54,72),(944,55,30),(944,94,53),(944,163,21),(944,167,28),(944,400,14),(946,10,82),(946,156,48),(946,163,95),(946,235,62),(946,256,84),(946,437,11),(946,483,14),(947,90,63),(947,126,80),(947,141,94),(947,154,32),(947,426,54),(948,43,43),(948,66,75),(948,428,62),(948,500,96),(949,23,32),(949,42,37),(949,55,56),(949,199,62),(949,425,69),(950,6,35),(950,367,1),(951,494,94),(952,198,53),(953,224,71),(954,154,95),(954,208,24),(954,243,89),(955,44,96),(955,93,32),(955,335,33),(955,452,3),(956,101,64),(956,231,6),(956,289,82),(957,126,5),(957,395,71),(958,76,69),(958,191,8),(959,45,87),(959,158,92),(959,352,39),(959,455,20),(959,473,52),(959,480,65),(960,246,75),(960,357,30),(960,367,3),(961,13,44),(961,231,38),(962,165,89),(962,415,13),(963,136,55),(963,286,95),(963,292,98),(964,77,53),(964,214,64),(964,327,89),(964,424,13),(965,149,39),(965,183,47),(965,198,4),(965,317,15),(965,325,74),(966,303,38),(967,241,4),(967,247,99),(967,320,2),(967,412,92),(968,257,84),(968,297,82),(968,477,81),(969,24,98),(969,116,80),(969,296,62),(970,220,2),(970,255,6),(970,328,18),(970,329,2),(970,360,34),(970,371,29),(971,11,64),(971,371,4),(971,459,31),(972,50,71),(972,74,95),(972,134,14),(972,214,29),(973,88,61),(973,320,2),(973,370,80),(974,81,13),(974,95,82),(974,239,12),(975,161,81),(975,207,10),(976,70,93),(976,130,49),(976,142,7),(976,271,61),(976,289,24),(976,314,61),(976,449,29),(976,490,46),(977,284,28),(977,436,46),(978,98,50),(978,131,83),(978,250,71),(978,387,36),(979,82,89),(980,94,95),(980,299,84),(980,356,81),(980,474,62),(980,484,7),(981,69,46),(981,141,2),(981,172,68),(981,262,19),(981,384,31),(981,419,78),(982,130,83),(982,182,98),(982,255,85),(983,54,56),(983,63,30),(983,370,18),(983,371,50),(984,49,11),(984,152,34),(984,177,76),(985,102,23),(985,267,17),(985,366,86),(986,31,52),(986,324,40),(988,190,25),(988,251,45),(988,383,78),(988,392,88),(988,483,53),(990,353,80),(990,420,39),(991,62,30),(991,243,94),(992,206,39),(992,368,99),(992,450,59),(993,108,77),(993,293,55),(993,452,31),(994,197,7),(994,404,65),(995,89,72),(995,113,33),(995,116,2),(995,211,90),(995,232,94),(995,335,52),(995,355,64),(996,19,56),(996,118,4),(996,156,71),(996,172,12),(996,177,18),(996,229,72),(996,236,3),(996,483,63),(997,188,41),(998,345,73),(998,353,90),(999,200,92),(999,406,10),(999,488,1),(1000,228,99),(1000,294,94),(1000,360,56),(1001,160,14),(1001,271,43),(1002,53,70),(1002,87,47),(1002,278,52),(1002,374,80),(1002,494,9),(1003,94,67),(1003,131,99),(1003,284,38),(1003,476,66),(1004,131,86),(1004,140,14),(1004,279,70),(1005,491,86),(1006,188,56),(1006,236,42),(1006,272,88),(1006,329,50),(1006,344,83),(1006,482,99),(1007,94,74),(1007,165,7),(1007,195,47),(1007,237,59),(1007,255,18),(1007,400,83),(1007,458,31),(1008,33,59),(1008,332,20),(1009,97,90),(1009,146,4),(1009,171,11),(1009,259,30),(1009,443,27),(1010,8,70),(1010,75,35),(1010,232,69),(1010,297,60),(1010,318,77),(1010,492,29),(1011,27,22),(1011,191,18),(1011,285,88),(1011,303,64),(1011,369,35),(1011,436,68),(1012,272,28),(1013,172,75),(1013,442,89),(1013,466,12),(1014,113,59),(1014,161,90),(1014,229,55),(1014,347,65),(1014,478,60),(1015,45,22),(1015,154,70),(1015,188,40),(1015,299,62),(1015,441,78),(1016,128,25),(1016,256,76),(1016,343,23),(1016,473,27),(1017,39,94),(1017,147,68),(1017,250,52),(1017,373,42),(1018,3,51),(1018,114,66),(1018,272,18),(1019,93,47),(1019,133,91),(1019,421,75),(1019,435,73),(1020,27,88),(1020,224,6),(1020,269,66),(1021,51,51),(1021,65,60),(1021,223,69),(1021,278,35),(1021,369,27),(1022,240,81),(1023,47,20),(1023,140,22),(1023,166,69),(1023,189,43),(1023,254,78),(1023,273,55),(1023,355,95),(1023,372,18),(1024,252,5),(1024,271,28),(1024,297,37),(1024,377,95),(1024,424,80),(1025,5,95),(1025,466,70),(1026,145,60),(1026,204,84),(1026,327,28),(1026,338,85),(1026,348,5),(1027,12,73),(1027,245,8),(1028,160,54),(1028,189,7),(1028,453,84),(1029,16,66),(1030,284,63),(1030,348,83),(1030,491,28),(1031,15,3),(1031,132,60),(1031,189,32),(1031,281,16),(1031,441,40),(1032,426,69),(1033,28,70),(1033,368,3),(1033,431,70),(1034,402,68),(1035,101,35),(1036,49,80),(1036,337,90),(1037,169,83),(1038,4,31),(1038,172,4),(1038,310,56),(1038,311,60),(1038,403,78),(1038,405,25),(1038,479,95),(1039,95,59),(1041,129,45),(1041,171,90),(1041,174,2),(1041,314,89),(1041,372,16),(1041,401,70),(1041,473,83),(1042,184,33),(1042,255,14),(1042,286,23),(1043,96,7),(1043,100,50),(1043,235,42),(1043,331,39),(1043,455,5),(1044,67,96),(1044,102,67),(1044,402,79),(1045,86,51),(1045,484,66),(1046,14,26),(1046,269,19),(1046,438,24),(1047,193,36),(1047,335,8),(1048,79,88),(1049,24,64),(1049,228,59),(1049,271,45),(1049,274,9),(1049,289,73),(1049,348,50),(1049,403,24),(1050,62,83),(1050,444,66),(1050,446,9),(1050,491,41),(1051,13,23),(1051,25,87),(1052,7,23),(1052,19,12),(1052,106,16),(1052,260,26),(1052,314,17),(1052,337,78),(1053,221,99),(1054,175,90),(1054,291,2),(1054,478,2),(1054,480,57),(1054,493,93),(1055,156,2),(1055,182,84),(1056,15,35),(1056,97,13),(1056,131,82),(1056,246,36),(1056,293,32),(1056,302,79),(1056,401,8),(1056,456,33),(1057,266,80),(1057,364,44),(1059,21,91),(1059,231,93),(1059,234,35),(1059,254,4),(1059,302,90),(1060,74,77),(1060,222,75),(1060,357,74),(1060,377,89),(1061,268,1),(1061,317,25),(1062,15,11),(1063,55,55),(1063,227,40),(1064,87,17),(1064,101,92),(1064,139,21),(1064,174,40),(1064,209,77),(1064,251,44),(1065,334,24),(1066,73,19),(1066,101,53),(1066,261,79),(1066,405,67),(1066,496,36),(1067,346,53),(1068,154,9),(1068,409,17),(1069,25,23),(1069,78,30),(1069,155,16),(1069,169,8),(1069,404,92),(1070,80,70),(1070,83,81),(1070,278,94),(1070,384,60),(1070,482,91),(1071,197,79),(1071,235,16),(1071,500,75),(1072,247,54),(1072,477,77),(1073,111,55),(1073,156,43),(1073,241,26),(1073,270,82),(1073,336,61),(1074,130,92),(1074,181,91),(1075,63,91),(1075,93,68),(1075,198,17),(1076,24,49),(1076,294,32),(1077,194,66),(1077,280,46),(1077,284,17),(1077,338,48),(1077,356,59),(1077,488,7),(1077,490,95),(1078,37,16),(1078,164,52),(1078,246,96),(1079,187,12),(1079,196,10),(1080,123,53),(1080,309,11),(1080,395,55),(1080,436,39),(1081,135,78),(1081,432,74),(1081,498,75),(1082,5,90),(1082,446,65),(1083,14,84),(1083,32,37),(1083,57,100),(1083,151,41),(1083,206,36),(1083,223,85),(1083,287,54),(1083,383,15),(1083,384,43),(1084,29,40),(1085,295,89),(1086,13,83),(1086,165,72),(1086,229,18),(1086,318,39),(1086,482,68),(1087,35,64),(1087,75,23),(1087,224,25),(1087,280,37),(1087,296,59),(1087,328,95),(1088,113,59),(1088,223,54),(1089,62,84),(1089,78,62),(1089,83,91),(1089,176,68),(1090,160,48),(1090,166,20),(1090,279,53),(1091,101,37),(1091,268,47),(1092,176,74),(1092,411,84),(1092,464,17),(1093,6,98),(1093,25,97),(1093,262,23),(1093,269,17),(1093,413,95),(1093,466,68),(1093,493,47),(1094,356,86),(1095,86,14),(1095,425,7),(1096,98,56),(1096,107,89),(1096,478,10),(1097,209,30),(1098,245,69),(1098,350,27),(1098,353,70),(1098,411,58),(1099,7,36),(1099,144,39),(1099,383,80),(1100,44,30),(1100,170,87),(1100,351,3),(1101,16,33),(1101,86,59),(1101,142,54),(1101,155,83),(1101,371,88),(1101,400,27),(1101,404,17),(1102,50,94),(1102,206,87),(1102,213,60),(1103,163,36),(1103,173,22),(1103,247,22),(1103,368,95),(1103,443,19),(1104,96,4),(1104,180,99),(1104,304,6),(1105,57,43),(1105,90,57),(1105,283,74),(1106,274,87),(1106,408,24),(1107,98,81),(1107,157,72),(1108,204,89),(1108,209,77),(1108,283,18),(1108,287,65),(1110,6,18),(1110,60,69),(1110,182,63),(1110,207,92),(1110,306,55),(1110,463,25),(1111,121,4),(1111,149,93),(1111,150,78),(1111,213,72),(1111,234,13),(1111,385,38),(1111,409,90),(1111,437,14),(1112,207,77),(1112,274,30),(1112,290,96),(1112,347,86),(1113,97,12),(1113,174,12),(1113,255,61),(1113,261,57),(1113,329,80),(1114,25,28),(1114,155,27),(1114,430,26),(1115,75,11),(1117,184,81),(1117,191,56),(1117,197,46),(1117,373,97),(1117,438,75),(1118,25,52),(1118,27,72),(1118,228,36),(1118,362,12),(1119,16,69),(1119,96,36),(1119,103,55),(1119,240,10),(1119,258,19),(1119,392,20),(1119,410,57),(1120,459,50),(1121,29,94),(1121,308,63),(1121,435,41),(1122,217,77),(1122,304,13),(1123,478,4),(1123,490,52),(1124,99,4),(1124,100,81),(1125,105,84),(1125,245,66),(1125,461,95),(1126,99,26),(1126,103,35),(1126,135,30),(1126,388,49),(1127,44,71),(1127,196,64),(1127,398,31),(1127,410,1),(1128,30,6),(1128,48,6),(1128,107,49),(1128,153,73),(1128,170,55),(1128,337,56),(1129,398,97),(1129,488,82),(1130,184,38),(1130,247,18),(1130,286,3),(1130,352,19),(1131,69,57),(1131,212,12),(1131,298,59),(1132,79,41),(1132,360,86),(1132,372,81),(1132,415,71),(1132,442,74),(1133,9,83),(1133,13,100),(1133,104,18),(1133,184,6),(1133,409,65),(1133,470,88),(1133,476,43),(1134,200,42),(1134,480,60),(1135,97,75),(1135,175,4),(1135,213,60),(1135,339,4),(1136,9,37),(1136,47,52),(1136,66,64),(1136,137,44),(1136,283,23),(1137,35,14),(1137,50,73),(1137,122,94),(1137,428,41),(1138,75,45),(1138,102,82),(1138,370,87),(1138,498,80),(1139,31,93),(1139,42,63),(1139,178,18),(1139,440,91),(1139,448,95),(1140,16,46),(1140,49,98),(1140,59,17),(1140,160,35),(1140,188,6),(1140,233,93),(1140,430,10),(1140,490,71),(1141,129,41),(1141,320,4),(1141,434,4),(1142,25,1),(1142,402,35),(1143,42,84),(1143,72,57),(1143,279,13),(1143,281,77),(1143,363,32),(1143,443,48),(1143,469,99),(1143,472,46),(1144,112,49),(1144,115,47),(1144,209,90),(1145,28,90),(1145,128,9),(1145,146,3),(1146,37,68),(1146,118,52),(1146,201,26),(1146,254,39),(1146,291,79),(1146,404,22),(1147,166,4),(1147,301,2),(1147,441,63),(1148,192,45),(1148,275,71),(1148,317,3),(1148,403,8),(1148,458,6),(1150,109,19),(1150,493,54),(1151,19,50),(1151,218,62),(1151,244,20),(1151,350,88),(1151,366,92),(1151,441,99),(1151,461,70),(1152,44,91),(1152,60,77),(1153,88,99),(1153,123,71),(1153,308,94),(1153,314,37),(1154,63,52),(1154,165,63),(1154,254,39),(1154,257,51),(1154,261,2),(1154,366,47),(1155,9,28),(1155,122,61),(1155,140,54),(1155,365,87),(1156,153,19),(1156,497,97),(1157,36,13),(1158,59,60),(1158,155,14),(1158,166,28),(1158,241,65),(1158,247,60),(1159,103,100),(1159,108,97),(1159,399,25),(1160,165,62),(1160,296,3),(1160,364,43),(1161,6,49),(1161,126,59),(1161,228,41),(1161,308,45),(1162,118,99),(1162,370,16),(1162,387,44),(1163,447,10),(1164,32,26),(1164,56,70),(1164,65,37),(1165,230,48),(1165,257,84),(1165,308,6),(1165,373,16),(1166,24,38),(1166,412,34),(1166,445,70),(1166,448,89),(1167,142,77),(1167,212,81),(1167,408,76),(1167,484,31),(1168,14,83),(1168,372,11),(1168,382,43),(1168,433,88),(1169,19,17),(1169,437,51),(1170,15,74),(1170,57,66),(1170,489,37),(1171,4,59),(1171,151,28),(1171,413,17),(1171,416,12),(1171,494,25),(1172,34,23),(1172,236,7),(1174,288,65),(1175,32,7),(1175,149,38),(1176,7,99),(1176,17,39),(1176,243,9),(1176,297,24),(1176,401,87),(1177,169,88),(1177,325,51),(1178,46,71),(1178,456,92),(1179,2,88),(1180,152,75),(1180,443,45),(1181,7,48),(1181,343,43),(1181,467,89),(1182,49,23),(1182,67,99),(1182,86,17),(1182,122,95),(1182,381,4),(1183,86,80),(1183,151,54),(1183,420,80),(1183,471,81),(1184,225,92),(1185,162,94),(1185,296,55),(1186,269,10),(1187,265,14),(1187,374,6),(1187,466,37),(1187,468,7),(1188,42,25),(1188,311,89),(1188,333,76),(1188,455,36),(1189,10,66),(1189,151,96),(1189,475,74),(1190,94,26),(1190,191,21),(1190,354,72),(1190,424,82),(1191,20,11),(1191,490,21),(1192,68,86),(1192,140,41),(1192,427,54),(1192,487,41),(1193,190,33),(1194,166,5),(1195,55,82),(1196,16,48),(1196,127,26),(1196,198,48),(1196,434,54),(1196,455,69),(1197,243,94),(1197,499,41),(1198,496,18),(1199,33,32),(1200,108,68),(1200,156,12),(1202,254,38),(1202,274,80),(1203,219,83),(1203,365,74),(1204,114,53),(1204,123,43),(1204,419,82),(1204,431,35),(1204,500,64),(1205,69,93),(1205,92,55),(1205,142,35),(1205,305,15),(1206,279,79),(1206,293,50),(1206,329,74),(1206,366,9),(1206,396,41),(1206,436,29),(1206,443,95),(1207,161,87),(1207,280,89),(1207,406,59),(1208,98,79),(1208,471,3),(1209,104,94),(1209,295,34),(1209,361,69),(1209,492,46),(1210,45,72),(1210,132,80),(1210,143,40),(1210,218,85),(1210,342,51),(1211,25,33),(1211,250,40),(1211,274,51),(1211,324,29),(1211,341,95),(1211,498,84),(1212,205,6),(1213,171,67),(1213,393,90),(1214,219,15),(1214,243,17),(1214,332,93),(1215,31,92),(1215,67,68),(1215,69,82),(1215,96,2),(1215,240,38),(1215,311,77),(1215,320,39),(1215,375,92),(1215,427,37),(1216,137,24),(1216,144,86),(1216,201,37),(1216,257,54),(1216,271,15),(1216,322,4),(1216,398,75),(1216,403,50),(1217,36,7),(1217,154,46),(1217,205,80),(1218,30,61),(1218,57,88),(1218,72,85),(1218,342,74),(1219,33,95),(1219,213,5),(1219,358,53),(1219,367,50),(1220,2,91),(1220,134,12),(1220,235,95),(1220,281,10),(1220,437,38),(1220,460,54),(1221,148,7),(1221,338,6),(1222,307,20),(1223,93,87),(1224,42,3),(1224,86,60),(1224,97,57),(1224,99,63),(1224,142,21),(1224,229,88),(1224,293,29),(1224,434,47),(1224,450,83),(1225,19,91),(1225,232,30),(1225,242,28),(1225,290,74),(1226,148,13),(1226,401,76),(1227,444,34),(1228,113,95),(1228,382,7),(1228,457,68),(1228,469,65),(1228,492,22),(1229,315,39),(1230,49,77),(1230,354,75),(1230,475,5),(1231,125,4),(1231,179,4),(1231,405,99),(1232,279,35),(1233,432,80),(1233,463,42),(1234,37,82),(1234,373,29),(1235,195,4),(1237,4,21),(1237,97,78),(1237,378,48),(1238,187,12),(1238,275,31),(1238,422,69),(1239,161,19),(1239,187,66),(1240,63,48),(1240,86,38),(1240,149,63),(1240,193,8),(1241,237,32),(1241,249,85),(1241,331,71),(1242,56,5),(1242,180,92),(1242,328,2),(1242,465,60),(1243,227,30),(1243,482,79),(1244,44,3),(1245,27,52),(1245,42,17),(1245,185,8),(1245,283,47),(1245,412,72),(1245,446,19),(1245,470,48),(1245,489,10),(1246,222,72),(1246,252,100),(1246,317,87),(1246,467,5),(1247,59,90),(1247,279,81),(1248,24,28),(1248,49,15),(1248,322,67),(1249,322,90),(1251,77,35),(1251,148,26),(1251,149,99),(1251,231,95),(1251,246,3),(1253,92,35),(1253,107,44),(1253,310,48),(1253,378,79),(1254,71,16),(1254,225,61),(1254,278,31),(1254,303,50),(1254,367,3),(1254,491,29),(1255,38,45),(1255,72,18),(1255,250,34),(1255,434,59),(1255,494,14),(1256,71,10),(1256,158,9),(1256,398,44),(1256,495,87),(1257,123,21),(1257,453,37),(1258,243,51),(1259,52,80),(1259,430,81),(1260,18,83),(1260,135,74),(1260,331,93),(1261,104,46),(1261,112,88),(1261,133,61),(1261,164,92),(1261,260,68),(1261,305,92),(1262,254,55),(1262,322,82),(1263,7,47),(1263,201,45),(1263,427,89),(1264,165,49),(1264,208,3),(1264,356,28),(1265,200,19),(1265,459,4),(1266,88,57),(1266,228,85),(1266,347,30),(1266,348,57),(1266,423,22),(1267,452,70),(1268,2,75),(1268,82,92),(1268,148,73),(1270,37,12),(1270,224,8),(1271,42,82),(1271,208,65),(1271,257,8),(1271,395,27),(1271,442,44),(1272,178,56),(1272,332,31),(1272,386,54),(1273,137,76),(1273,454,99),(1274,174,78),(1274,185,22),(1274,283,46),(1274,398,11),(1274,450,33),(1275,201,94),(1275,428,28),(1275,460,26),(1275,485,32),(1276,67,44),(1276,152,68),(1276,202,55),(1276,294,93),(1276,301,84),(1276,416,64),(1277,72,1),(1277,111,22),(1277,188,56),(1278,121,22),(1278,245,84),(1278,368,45),(1279,14,75),(1279,19,88),(1279,260,90),(1279,293,29),(1279,385,4),(1279,404,65),(1279,499,34),(1280,28,19),(1280,54,70),(1280,104,77),(1280,118,53),(1280,271,13),(1280,428,5),(1282,119,44),(1282,358,31),(1282,481,97),(1283,245,68),(1283,309,54),(1285,276,4),(1285,347,71),(1285,445,62),(1286,34,39),(1287,216,99),(1287,338,49),(1287,346,56),(1287,427,21),(1288,141,85),(1288,308,52),(1288,436,33),(1288,444,18),(1288,488,62),(1289,224,52),(1289,230,84),(1289,249,52),(1289,423,84),(1289,477,19),(1290,44,61),(1290,78,96),(1290,341,58),(1290,415,75),(1291,18,93),(1291,96,43),(1292,68,90),(1292,138,95),(1292,442,39),(1293,248,11),(1293,363,56),(1293,435,88),(1293,490,99),(1294,183,45),(1294,425,79),(1294,457,60),(1295,73,43),(1296,8,9),(1296,45,22),(1296,207,75),(1296,343,69),(1296,395,71),(1297,81,3),(1297,315,15),(1297,466,46),(1298,82,60),(1298,349,37),(1298,351,24),(1299,13,44),(1299,15,17),(1301,19,51),(1301,148,46),(1301,260,92),(1302,7,78),(1302,10,32),(1302,416,97),(1302,491,87),(1303,148,96),(1303,357,55),(1304,305,100),(1305,234,50),(1305,291,27),(1305,468,63),(1305,475,22),(1306,42,11),(1306,181,96),(1306,325,96),(1307,45,28),(1307,119,69),(1307,178,30),(1307,182,58),(1307,198,10),(1308,222,70),(1308,418,74),(1309,1,40),(1309,7,39),(1309,73,11),(1309,225,45),(1309,256,91),(1309,462,93),(1310,44,90),(1310,199,79),(1310,284,83),(1310,372,70),(1311,23,91),(1311,67,92),(1311,137,51),(1311,138,68),(1311,362,80),(1311,426,56),(1312,368,74),(1312,394,77),(1313,104,77),(1313,118,33),(1313,216,25),(1313,278,89),(1313,446,77),(1314,245,1),(1314,248,87),(1314,291,55),(1314,459,24),(1315,25,10),(1315,236,95),(1315,371,74),(1316,127,40),(1316,245,76),(1316,459,38),(1317,54,45),(1317,85,18),(1317,365,3),(1317,378,64),(1317,452,7),(1318,58,4),(1318,394,89),(1318,412,100),(1319,118,95),(1319,162,92),(1319,209,65),(1320,21,43),(1320,243,58),(1320,326,60),(1320,401,95),(1321,21,90),(1321,120,81),(1321,155,29),(1321,263,46),(1322,91,31),(1322,136,65),(1322,498,96),(1323,61,98),(1323,71,16),(1323,148,78),(1323,327,76),(1323,395,96),(1324,69,96),(1325,100,66),(1325,211,67),(1325,404,5),(1326,128,52),(1326,171,86),(1326,236,40),(1326,326,84),(1327,409,36),(1328,10,99),(1328,381,95),(1329,158,50),(1329,385,67),(1329,453,5),(1330,74,37),(1330,312,40),(1330,324,22),(1330,463,3),(1331,185,35),(1331,383,23),(1331,420,96),(1331,470,40),(1332,47,99),(1332,53,85),(1332,96,55),(1332,97,68),(1332,134,92),(1332,271,71),(1332,274,73),(1332,362,9),(1332,379,13),(1334,304,71),(1334,401,65),(1335,267,69),(1336,20,52),(1336,220,56),(1336,264,18),(1336,322,49),(1336,399,24),(1336,453,92),(1336,462,68),(1337,1,53),(1337,200,90),(1337,377,82),(1338,34,74),(1338,89,72),(1338,220,38),(1338,251,48),(1338,258,91),(1339,107,100),(1339,345,69),(1340,45,9),(1340,46,100),(1340,179,71),(1340,385,59),(1340,436,98),(1340,458,98),(1341,6,74),(1341,92,36),(1341,345,89),(1341,375,82),(1341,376,95),(1341,455,81),(1341,463,10),(1342,71,54),(1342,99,9),(1343,115,4),(1343,127,17),(1344,130,73),(1344,154,66),(1344,198,93),(1344,260,1),(1344,417,52),(1345,106,19),(1346,56,59),(1346,276,53),(1346,397,88),(1347,327,95),(1347,391,25),(1348,24,33),(1348,175,22),(1348,214,5),(1348,491,56),(1349,132,67),(1349,170,57),(1349,245,67),(1349,303,81),(1349,367,90),(1350,332,71),(1350,418,47),(1350,448,14),(1351,151,86),(1351,271,2),(1351,429,42),(1351,443,42),(1352,168,92),(1352,452,92),(1353,473,21),(1354,286,86),(1354,461,27),(1355,356,18),(1356,28,36),(1356,49,42),(1356,108,44),(1356,473,89),(1357,34,80),(1357,151,50),(1357,189,32),(1357,270,97),(1358,76,81),(1358,132,5),(1358,281,32),(1358,443,98),(1359,38,7),(1359,286,83),(1359,336,26),(1359,431,86),(1360,200,21),(1360,495,24),(1361,165,31),(1361,181,93),(1362,185,22),(1362,317,88),(1362,396,15),(1363,26,46),(1363,105,84),(1363,355,36),(1363,443,69),(1363,457,19),(1363,485,38),(1364,179,64),(1364,262,75),(1364,294,7),(1364,362,87),(1364,431,46),(1365,51,41),(1365,178,38),(1365,206,94),(1365,252,30),(1366,32,78),(1366,68,31),(1366,372,70),(1366,466,69),(1366,467,75),(1367,5,95),(1367,28,4),(1367,264,62),(1367,321,40),(1367,378,67),(1368,24,36),(1368,135,99),(1368,141,82),(1368,188,34),(1368,294,51),(1369,34,24),(1369,113,54),(1369,132,96),(1369,268,16),(1369,280,48),(1369,438,17),(1370,154,96),(1370,310,97),(1370,314,88),(1371,224,30),(1371,230,84),(1372,20,92),(1372,194,3),(1372,226,47),(1372,441,100),(1373,66,26),(1373,152,35),(1373,206,73),(1373,312,3),(1373,371,72),(1373,456,3),(1374,149,86),(1374,212,96),(1374,230,23),(1374,246,69),(1374,476,30),(1374,491,91),(1375,184,95),(1375,238,8),(1375,356,18),(1375,436,63),(1376,42,82),(1376,176,10),(1376,282,42),(1376,350,73),(1376,352,55),(1376,416,2),(1377,317,89),(1377,373,55),(1377,397,79),(1377,417,56),(1377,450,12),(1378,68,49),(1378,172,3),(1378,196,49),(1378,283,32),(1378,367,10),(1378,397,59),(1378,429,58),(1379,103,46),(1379,160,2),(1379,360,69),(1379,402,87),(1380,97,57),(1380,189,37),(1380,263,70),(1380,403,27),(1380,424,97),(1381,211,26),(1381,339,67),(1382,317,33),(1382,402,56),(1383,8,96),(1383,68,42),(1383,419,14),(1384,138,43),(1384,236,44),(1384,386,4),(1384,476,79),(1385,97,34),(1385,100,54),(1385,219,73),(1385,385,86),(1385,443,45),(1386,12,70),(1386,101,91),(1386,394,6),(1386,396,38),(1388,80,32),(1388,390,43),(1388,404,72),(1388,489,18),(1389,276,65),(1389,294,91),(1389,309,57),(1390,245,85),(1390,320,81),(1390,459,89),(1391,3,3),(1391,17,1),(1391,94,96),(1392,67,69),(1392,247,52),(1392,346,35),(1392,464,86),(1392,467,30),(1393,64,80),(1393,262,42),(1393,281,77),(1393,348,49),(1393,405,69),(1394,42,16),(1394,330,85),(1394,443,100),(1396,50,79),(1396,333,34),(1396,353,46),(1396,415,60),(1397,11,36),(1397,73,35),(1397,244,38),(1397,287,28),(1397,335,1),(1398,201,79),(1398,409,41),(1398,421,76),(1398,498,15),(1399,194,14),(1399,247,47),(1399,278,5),(1399,467,86),(1399,489,45),(1400,328,38),(1401,89,91),(1401,92,19),(1401,97,2),(1401,147,80),(1401,148,50),(1401,280,54),(1401,309,6),(1401,370,19),(1402,97,78),(1402,221,4),(1402,315,18),(1403,68,87),(1404,157,58),(1404,206,60),(1404,280,22),(1404,347,7),(1404,415,36),(1405,233,45),(1405,368,91),(1406,159,23),(1406,188,31),(1407,155,4),(1407,198,96),(1407,263,80),(1407,289,63),(1407,390,8),(1407,397,72),(1408,1,72),(1408,167,65),(1408,183,13),(1409,36,47),(1409,141,73),(1410,39,38),(1410,68,36),(1411,31,54),(1411,355,96),(1411,371,70),(1412,49,90),(1412,312,100),(1412,336,8),(1412,424,6),(1413,151,5),(1413,173,39),(1413,176,22),(1413,488,16),(1414,241,70),(1414,342,36),(1414,487,44),(1415,74,8),(1415,111,51),(1415,129,46),(1415,295,76),(1415,403,5),(1416,143,22),(1417,183,96),(1417,346,3),(1418,22,17),(1418,415,66),(1418,496,42),(1419,36,22),(1419,324,56),(1420,48,81),(1420,126,15),(1421,246,79),(1421,314,5),(1421,453,30),(1421,500,64),(1422,49,17),(1422,83,6),(1422,151,59),(1422,226,75),(1422,228,27),(1422,481,99),(1423,146,73),(1423,435,34),(1423,479,93),(1424,104,39),(1425,18,89),(1426,136,64),(1426,303,67),(1426,306,88),(1426,481,18),(1427,149,13),(1427,349,51),(1427,357,81),(1427,448,35),(1427,453,70),(1427,462,45),(1427,475,22),(1428,409,74),(1428,464,44),(1429,93,84),(1429,105,46),(1429,120,10),(1429,435,92),(1430,328,77),(1430,493,19),(1431,31,43),(1431,229,26),(1431,254,31),(1431,473,32),(1432,193,20),(1433,34,7),(1433,73,84),(1433,121,18),(1433,334,7),(1433,357,40),(1433,377,62),(1433,408,58),(1434,141,47),(1435,42,41),(1435,362,27),(1435,414,49),(1436,110,10),(1436,307,54),(1436,314,18),(1437,7,4),(1437,70,22),(1437,86,86),(1437,143,69),(1437,466,53),(1438,115,22),(1438,145,82),(1438,354,20),(1438,413,67),(1438,423,11),(1438,463,2),(1439,333,33),(1439,435,75),(1440,88,50),(1440,99,20),(1440,215,80),(1440,379,46),(1441,163,75),(1441,268,36),(1442,82,72),(1442,112,13),(1442,253,54),(1443,180,25),(1444,162,80),(1444,370,89),(1445,455,67),(1445,490,85),(1446,50,23),(1446,280,34),(1446,390,42),(1446,475,51),(1447,317,27),(1447,444,57),(1448,397,5),(1449,289,59),(1450,345,16),(1451,199,76),(1451,447,1),(1452,127,10),(1452,293,93),(1452,312,47),(1452,336,96),(1452,495,61),(1453,430,10),(1454,27,49),(1454,63,47),(1454,268,73),(1454,390,14),(1454,393,13),(1454,433,32),(1455,83,68),(1455,178,97),(1456,223,18),(1456,247,5),(1456,374,53),(1456,490,83),(1457,51,42),(1457,73,18),(1457,120,13),(1457,419,11),(1458,248,63),(1458,272,90),(1458,300,2),(1458,404,77),(1458,440,92),(1458,497,6),(1459,212,41),(1459,239,6),(1459,395,67),(1460,62,22),(1460,389,92),(1462,383,33),(1463,74,23),(1463,149,40),(1463,485,81),(1463,498,14),(1464,79,97),(1464,174,22),(1464,335,28),(1464,349,33),(1464,388,53),(1465,86,25),(1465,453,31),(1466,210,18),(1466,214,9),(1467,105,33),(1467,113,39),(1467,338,33),(1467,398,86),(1467,419,94),(1468,170,85),(1468,363,83),(1469,256,75),(1469,418,73),(1469,424,18),(1469,453,31),(1469,474,95),(1470,125,49),(1471,83,14),(1471,102,25),(1471,142,83),(1471,198,8),(1472,277,1),(1472,490,24),(1473,160,69),(1473,189,60),(1473,273,75),(1473,450,75),(1474,155,23),(1474,376,51),(1475,147,1),(1476,270,10),(1476,403,3),(1477,155,40),(1477,184,41),(1477,202,1),(1477,390,83),(1477,460,94),(1478,386,53),(1479,176,97),(1479,247,34),(1479,321,5),(1480,3,36),(1480,65,18),(1480,181,98),(1480,253,93),(1480,427,51),(1481,141,28),(1481,149,77),(1481,249,7),(1481,357,44),(1481,437,12),(1481,439,49),(1482,62,89),(1482,237,30),(1482,261,91),(1483,24,40),(1483,132,36),(1483,349,39),(1483,447,50),(1483,499,12),(1485,24,10),(1485,111,38),(1486,258,43),(1486,443,3),(1487,43,2),(1487,98,76),(1487,167,57),(1487,377,29),(1488,57,58),(1488,131,7),(1488,378,48),(1488,411,74),(1488,437,66),(1489,244,54),(1489,247,19),(1490,96,29),(1490,128,64),(1490,133,54),(1490,262,75),(1490,380,65),(1491,21,36),(1491,228,48),(1491,295,80),(1491,342,31),(1491,464,37),(1492,39,36),(1492,62,8),(1492,107,41),(1492,218,7),(1492,362,59),(1492,422,2),(1492,441,54),(1493,17,93),(1493,110,59),(1493,383,98),(1493,451,64),(1494,15,36),(1494,25,47),(1494,66,49),(1494,231,57),(1494,389,51),(1494,452,38),(1494,464,91),(1495,131,37),(1495,305,90),(1495,430,75),(1495,476,4),(1496,165,1),(1496,199,82),(1496,330,47),(1496,431,89),(1496,437,42),(1496,491,81),(1497,2,76),(1497,100,97),(1497,113,37),(1497,118,36),(1497,177,24),(1497,333,96),(1497,344,25),(1497,352,61),(1497,464,66),(1498,394,62),(1498,482,50),(1499,22,83),(1499,197,31),(1499,270,5),(1499,400,78),(1499,462,16),(1500,120,28),(1500,202,76),(1500,213,34),(1501,12,83),(1501,60,85),(1501,412,36),(1501,444,99),(1502,183,41),(1502,313,3),(1502,318,9),(1502,333,11),(1502,408,37),(1504,68,91),(1504,108,78),(1504,328,56),(1504,491,85),(1505,56,28),(1505,325,57),(1505,332,36),(1506,8,18),(1506,61,64),(1506,223,60),(1506,248,61),(1506,356,12),(1506,381,56),(1506,487,83),(1507,92,9),(1507,153,42),(1507,154,2),(1507,158,49),(1507,241,42),(1508,39,10),(1508,148,39),(1508,311,83),(1508,444,91),(1509,179,1),(1509,184,30),(1509,237,67),(1509,386,78),(1510,156,12),(1510,218,93),(1510,303,45),(1511,77,36),(1511,323,8),(1512,76,30),(1512,171,62),(1512,320,2),(1513,287,24),(1513,300,83),(1513,397,83),(1513,470,84),(1514,137,9),(1514,199,87),(1514,491,70),(1515,194,15),(1515,214,85),(1515,417,47),(1516,7,38),(1516,118,60),(1516,403,14),(1516,465,16),(1516,467,61),(1517,240,5),(1517,304,70),(1518,163,12),(1519,192,96),(1519,374,44),(1520,82,29),(1520,307,19),(1520,377,73),(1520,458,72),(1521,77,30),(1521,201,10),(1521,458,47),(1522,64,54),(1522,272,37),(1522,383,90),(1523,2,100),(1523,153,55),(1523,165,1),(1524,62,31),(1524,471,57),(1525,200,67),(1526,424,7),(1527,372,46),(1528,9,87),(1528,118,29),(1528,172,18),(1528,333,95),(1529,227,19),(1530,95,69),(1530,313,23),(1530,347,34),(1530,489,92),(1531,43,26),(1531,59,53),(1531,252,38),(1532,375,4),(1533,138,53),(1533,152,82),(1533,195,93),(1533,223,72),(1533,469,61),(1534,173,87),(1534,226,15),(1535,8,55),(1535,48,49),(1535,164,95),(1535,430,92),(1536,35,79),(1536,59,90),(1536,125,71),(1536,127,14),(1536,186,38),(1536,261,63),(1537,62,16),(1538,34,61),(1538,51,43),(1538,67,21),(1538,125,99),(1538,151,42),(1539,173,54),(1539,311,67),(1539,428,97),(1540,241,94),(1541,215,100),(1541,254,42),(1541,442,60),(1542,8,2),(1542,75,43),(1542,125,5),(1542,186,83),(1543,132,70),(1543,310,44),(1543,339,7),(1543,461,23),(1543,495,2),(1544,250,63),(1544,298,93),(1544,309,15),(1545,254,54),(1545,308,86),(1546,25,33),(1546,55,39),(1546,393,45),(1548,66,11),(1548,257,55),(1549,59,3),(1549,105,57),(1549,192,21),(1549,232,11),(1549,317,57),(1550,90,32),(1550,104,25),(1550,142,19),(1550,326,18),(1550,372,60),(1551,12,5),(1551,192,10),(1551,282,39),(1551,291,95),(1551,387,8),(1551,410,48),(1552,48,77),(1552,387,56),(1552,396,23),(1553,232,20),(1553,244,87),(1553,378,39),(1553,441,28),(1553,458,62),(1553,460,44),(1554,217,66),(1554,227,55),(1554,367,96),(1555,187,74),(1556,98,33),(1556,492,74),(1557,234,18),(1557,419,24),(1558,2,8),(1558,45,1),(1558,52,20),(1558,116,6),(1558,124,53),(1558,359,44),(1558,437,52),(1558,474,66),(1559,103,45),(1559,159,87),(1559,471,17),(1560,59,62),(1561,36,65),(1561,45,43),(1561,412,23),(1562,139,74),(1562,192,98),(1562,335,29),(1563,143,90),(1563,149,95),(1563,496,51),(1564,87,99),(1564,144,89),(1564,155,97),(1564,424,82),(1565,68,5),(1565,190,33),(1565,272,8),(1565,454,66),(1566,275,67),(1566,353,62),(1566,412,37),(1566,461,94),(1566,470,14),(1567,157,67),(1567,184,9),(1567,458,22),(1568,57,45),(1568,180,3),(1568,229,71),(1568,343,21),(1568,365,11),(1568,441,45),(1568,484,54),(1569,83,50),(1569,251,86),(1570,225,7),(1570,283,55),(1570,290,80),(1571,44,24),(1571,93,66),(1571,255,35),(1571,301,58),(1572,168,44),(1572,310,54),(1573,36,87),(1573,250,36),(1573,360,43),(1574,44,40),(1574,119,97),(1574,419,68),(1575,33,35),(1576,128,27),(1576,256,55),(1577,78,7),(1578,140,34),(1578,378,61),(1578,380,65),(1579,68,95),(1579,385,4),(1579,410,25),(1579,456,40),(1580,63,43),(1580,187,51),(1582,54,81),(1582,60,25),(1582,68,39),(1582,110,44),(1582,146,72),(1582,263,43),(1582,370,57),(1583,68,91),(1583,72,73),(1583,415,35),(1583,437,8),(1583,493,92),(1584,149,46),(1584,212,87),(1584,220,50),(1584,499,12),(1585,123,22),(1585,408,57),(1585,479,56),(1586,43,85),(1586,155,3),(1587,446,70),(1588,38,75),(1589,31,63),(1589,345,19),(1589,478,76),(1590,124,78),(1590,181,36),(1590,295,85),(1590,349,42),(1590,393,91),(1590,427,28),(1591,130,90),(1591,153,38),(1591,190,26),(1591,269,54),(1591,310,54),(1591,323,52),(1591,409,72),(1592,21,76),(1592,107,59),(1592,174,33),(1592,222,81),(1592,307,21),(1592,341,53),(1592,392,83),(1593,275,47),(1593,361,40),(1594,54,53),(1594,199,57),(1594,275,20),(1594,280,43),(1594,386,75),(1595,140,69),(1595,178,38),(1595,300,95),(1595,312,17),(1595,391,43),(1595,475,8),(1595,476,5),(1597,214,86),(1597,297,93),(1597,465,77),(1598,185,94),(1599,64,36),(1599,109,33),(1599,178,100),(1599,341,21),(1600,139,56),(1600,291,70),(1601,50,85),(1601,122,60),(1601,207,37),(1602,367,27),(1602,416,92),(1603,101,16),(1603,157,28),(1603,227,50),(1603,346,38),(1604,188,93),(1605,344,66),(1605,415,94),(1606,10,23),(1606,161,70),(1606,165,10),(1606,204,49),(1606,242,90),(1606,471,27),(1606,484,28),(1607,170,70),(1607,373,34),(1607,463,51),(1608,231,72),(1608,280,10),(1609,23,52),(1609,128,75),(1610,61,66),(1610,104,32),(1610,226,2),(1610,259,85),(1610,392,100),(1611,153,17),(1611,162,58),(1611,287,49),(1612,301,56),(1612,374,96),(1612,392,71),(1613,10,67),(1614,377,91),(1614,433,23),(1614,485,39),(1614,488,55),(1615,270,93),(1615,368,94),(1616,69,57),(1616,307,50),(1616,323,29),(1616,329,41),(1616,461,7),(1617,4,36),(1617,77,40),(1617,114,26),(1617,250,26),(1618,4,100),(1618,116,30),(1618,421,84),(1619,145,43),(1619,483,79),(1620,101,79),(1620,161,2),(1620,419,56),(1620,493,6),(1621,30,68),(1621,136,96),(1621,168,75),(1621,295,87),(1621,369,81),(1621,469,65),(1622,109,30),(1622,118,94),(1622,161,6),(1622,256,87),(1622,351,32),(1622,447,49),(1623,44,92),(1623,75,51),(1623,140,10),(1623,169,87),(1624,272,71),(1625,167,46),(1625,359,70),(1627,253,19),(1627,366,97),(1627,403,90),(1628,4,17),(1628,196,34),(1628,395,42),(1629,66,80),(1629,174,29),(1629,332,86),(1629,378,54),(1629,485,45),(1629,497,30),(1630,121,48),(1630,162,60),(1630,291,25),(1630,334,32),(1631,204,40),(1631,374,35),(1632,37,51),(1632,48,48),(1633,169,71),(1633,211,65),(1633,266,95),(1633,319,85),(1633,403,75),(1633,411,76),(1634,130,83),(1634,156,46),(1634,288,87),(1634,297,93),(1634,414,99),(1634,467,50),(1635,19,54),(1635,70,11),(1635,142,80),(1635,160,88),(1635,338,86),(1635,497,84),(1636,47,70),(1636,111,94),(1636,114,90),(1637,10,53),(1637,454,24),(1638,254,85),(1638,370,94),(1638,426,52),(1639,128,21),(1639,392,8),(1639,495,86),(1640,309,82),(1640,342,89),(1641,4,94),(1642,17,7),(1642,333,14),(1642,376,56),(1642,466,15),(1643,89,41),(1643,235,39),(1643,240,38),(1643,302,48),(1644,9,8),(1644,221,60),(1644,258,75),(1644,294,33),(1644,333,29),(1644,419,87),(1644,482,1),(1645,166,68),(1645,286,86),(1645,444,39),(1645,486,11),(1646,122,18),(1646,362,26),(1646,367,86),(1646,392,60),(1646,443,43),(1647,293,1),(1648,49,57),(1648,61,77),(1648,262,86),(1648,372,54),(1649,4,99),(1649,146,84),(1650,169,20),(1650,208,31),(1650,232,40),(1650,314,71),(1651,75,14),(1651,82,40),(1651,421,38),(1651,481,37),(1652,7,80),(1652,175,88),(1652,276,75),(1652,362,64),(1652,474,25),(1652,475,17),(1652,492,79),(1653,1,42),(1653,20,38),(1653,114,32),(1653,176,95),(1654,307,34),(1654,398,68),(1654,482,30),(1654,493,81),(1656,11,46),(1656,186,27),(1657,47,63),(1657,179,74),(1657,197,84),(1657,396,49),(1658,97,21),(1658,430,92),(1659,224,71),(1659,302,11),(1659,325,61),(1659,445,24),(1660,102,24),(1660,224,4),(1661,54,22),(1661,121,13),(1661,143,45),(1662,196,70),(1662,389,32),(1663,28,33),(1663,134,2),(1663,139,71),(1663,298,8),(1663,451,88),(1663,453,63),(1664,373,12),(1664,456,47),(1665,4,12),(1665,78,64),(1665,304,7),(1666,292,11),(1666,380,63),(1667,75,36),(1667,321,6),(1667,431,33),(1667,443,95),(1668,24,80),(1668,153,26),(1668,158,88),(1668,232,12),(1668,362,95),(1668,458,68),(1669,295,41),(1669,332,98),(1669,421,17),(1670,36,33),(1670,369,35),(1671,399,56),(1672,17,73),(1672,77,49),(1672,87,72),(1672,383,26),(1672,404,31),(1673,140,26),(1673,191,51),(1673,235,45),(1673,333,60),(1673,363,70),(1674,69,43),(1674,347,16),(1674,394,60),(1674,456,74),(1675,101,58),(1675,120,11),(1675,150,28),(1675,233,95),(1676,83,63),(1676,243,62),(1676,454,88),(1677,19,2),(1677,194,72),(1677,432,31),(1678,66,11),(1678,91,27),(1678,277,9),(1678,359,43),(1678,427,66),(1678,444,39),(1678,447,23),(1679,101,95),(1679,122,87),(1679,197,22),(1679,248,91),(1680,174,42),(1680,240,16),(1680,299,88),(1681,136,84),(1681,163,93),(1681,171,46),(1681,233,45),(1681,316,67),(1681,437,74),(1681,475,69),(1682,72,66),(1682,243,100),(1682,416,17),(1683,368,14),(1683,428,89),(1684,153,20),(1685,426,42),(1686,25,7),(1686,52,90),(1686,97,7),(1686,194,87),(1686,283,42),(1686,424,1),(1686,471,21),(1687,61,20),(1687,208,61),(1687,299,39),(1687,391,97),(1688,101,38),(1688,137,81),(1688,284,85),(1688,328,71),(1688,446,81),(1690,192,76),(1690,227,19),(1690,391,60),(1690,442,56),(1691,202,51),(1691,298,43),(1692,188,21),(1692,327,38),(1692,432,38),(1693,480,39),(1694,34,29),(1694,157,14),(1695,210,8),(1695,398,100),(1695,491,9),(1696,49,1),(1696,62,16),(1696,168,62),(1696,266,71),(1696,346,31),(1696,414,25),(1697,278,34),(1697,413,77),(1698,164,5),(1699,165,27),(1699,274,66),(1699,495,38),(1700,345,20),(1700,390,58),(1701,327,25),(1701,365,96),(1701,435,23),(1702,133,12),(1702,302,68),(1702,359,60),(1703,202,72),(1703,316,18),(1703,329,51),(1704,3,7),(1704,46,61),(1704,235,94),(1705,137,14),(1706,4,6),(1706,295,46),(1706,455,95),(1707,45,9),(1707,78,71),(1707,286,33),(1707,455,76),(1708,79,5),(1708,87,96),(1708,127,10),(1708,322,56),(1710,98,95),(1710,162,10),(1710,234,53),(1710,299,79),(1710,475,36),(1710,500,3),(1711,377,65),(1711,453,6),(1712,46,76),(1712,86,38),(1712,106,13),(1712,193,39),(1712,216,93),(1712,243,71),(1712,446,54),(1713,59,27),(1713,72,39),(1713,162,17),(1713,248,80),(1713,327,62),(1713,343,42),(1713,446,41),(1714,5,46),(1714,7,74),(1714,146,57),(1714,222,94),(1714,256,54),(1715,41,63),(1715,89,32),(1715,237,40),(1715,389,49),(1716,18,67),(1716,130,6),(1716,488,50),(1717,100,8),(1717,168,77),(1717,235,2),(1717,253,21),(1717,314,31),(1717,331,39),(1717,439,96),(1717,494,48),(1718,440,100),(1718,456,18),(1719,19,65),(1719,90,50),(1719,111,91),(1719,135,43),(1719,306,23),(1720,57,95),(1720,163,90),(1721,1,50),(1721,262,3),(1721,349,38),(1721,489,59),(1722,286,88),(1722,382,50),(1722,397,27),(1722,412,18),(1723,258,26),(1724,35,7),(1724,110,61),(1724,191,7),(1724,209,69),(1724,275,4),(1724,459,9),(1725,254,37),(1726,340,28),(1727,60,99),(1727,89,71),(1727,100,60),(1727,384,70),(1728,41,73),(1728,387,34),(1729,241,38),(1729,261,69),(1729,394,53),(1729,430,5),(1729,499,99),(1730,25,30),(1730,245,82),(1731,175,70),(1731,402,91),(1732,400,45),(1733,19,97),(1733,86,17),(1733,134,98),(1733,206,1),(1733,343,4),(1733,393,87),(1734,1,66),(1734,378,2),(1734,492,40),(1735,18,15),(1735,196,48),(1735,288,47),(1735,339,51),(1735,476,93),(1736,149,34),(1736,203,47),(1736,308,11),(1736,311,86),(1736,327,17),(1736,454,40),(1737,76,42),(1737,184,84),(1737,331,14),(1738,241,50),(1738,253,1),(1738,302,97),(1738,319,25),(1738,451,41),(1739,250,16),(1740,329,29),(1740,358,90),(1741,395,5),(1741,432,90),(1741,439,26),(1741,466,11),(1742,70,62),(1742,123,84),(1742,147,9),(1742,167,86),(1742,379,51),(1742,401,63),(1742,421,79),(1743,176,41),(1743,256,74),(1743,315,94),(1743,346,66),(1743,455,54),(1744,175,21),(1745,136,86),(1746,7,78),(1746,77,15),(1746,335,86),(1746,447,73),(1746,472,36),(1747,45,62),(1747,70,68),(1747,97,30),(1748,154,24),(1748,221,46),(1748,249,29),(1748,409,80),(1749,198,19),(1749,386,66),(1750,59,63),(1750,217,10),(1750,271,76),(1751,3,48),(1751,207,97),(1751,280,84),(1751,282,93),(1751,314,31),(1752,153,54),(1752,277,95),(1752,423,43),(1753,22,59),(1753,89,58),(1753,173,75),(1753,231,90),(1753,308,71),(1754,65,84),(1754,192,94),(1754,294,76),(1754,428,19),(1755,24,97),(1755,104,5),(1755,236,28),(1755,271,7),(1755,316,80),(1755,318,26),(1755,319,5),(1755,354,17),(1755,424,84),(1755,431,45),(1755,444,84),(1755,481,74),(1756,17,29),(1756,289,96),(1756,367,6),(1756,466,2),(1757,42,43),(1757,204,37),(1757,386,32),(1758,30,44),(1758,173,48),(1758,254,75),(1759,81,89),(1759,130,62),(1759,239,6),(1759,336,51),(1760,66,60),(1760,153,51),(1761,33,31),(1761,107,81),(1761,120,14),(1761,254,20),(1762,161,92),(1762,315,93),(1763,41,1),(1763,367,83),(1763,384,3),(1763,421,94),(1764,38,22),(1764,46,17),(1764,81,7),(1764,171,72),(1764,205,35),(1764,297,46),(1764,418,19),(1764,475,87),(1765,81,45),(1765,92,62),(1765,212,62),(1766,33,71),(1766,299,28),(1767,128,49),(1767,294,18),(1768,20,45),(1768,89,69),(1768,146,50),(1768,153,8),(1769,96,31),(1770,217,83),(1770,235,78),(1771,71,100),(1771,205,65),(1771,308,23),(1772,195,86),(1772,225,47),(1772,392,79),(1772,393,27),(1773,129,98),(1773,315,97),(1774,46,29),(1774,64,6),(1774,104,96),(1774,249,48),(1774,286,7),(1774,368,19),(1774,410,2),(1775,392,93),(1776,42,72),(1776,460,71),(1777,5,51),(1777,320,8),(1777,460,33),(1778,11,73),(1778,137,96),(1778,214,50),(1778,465,68),(1779,24,45),(1779,27,39),(1779,35,92),(1780,277,6),(1780,440,14),(1781,298,33),(1782,2,47),(1782,144,7),(1783,468,96),(1784,161,91),(1784,256,51),(1784,273,6),(1784,389,36),(1784,438,23),(1785,388,56),(1785,404,39),(1785,425,29),(1786,45,31),(1786,127,94),(1786,268,97),(1786,299,27),(1786,335,37),(1787,45,1),(1787,431,91),(1788,171,74),(1788,261,84),(1788,283,23),(1788,374,79),(1789,174,12),(1789,481,66),(1790,13,21),(1790,186,82),(1790,403,62),(1791,355,58),(1791,494,8),(1793,144,18),(1793,325,89),(1793,357,79),(1793,377,99),(1794,11,66),(1794,113,39),(1794,119,18),(1794,145,8),(1794,303,6),(1794,362,53),(1795,322,16),(1796,213,55),(1796,407,8),(1796,436,58),(1797,60,42),(1797,99,39),(1797,293,66),(1797,460,64),(1798,26,86),(1798,200,87),(1799,34,36),(1799,374,7),(1800,71,70),(1800,361,17),(1800,363,69),(1800,497,92),(1801,49,88),(1801,221,37),(1801,356,24),(1802,333,8),(1802,472,63),(1803,179,9),(1804,7,35),(1804,249,85),(1804,432,48),(1804,460,3),(1805,37,33),(1805,102,52),(1805,111,33),(1805,150,4),(1805,268,8),(1805,352,92),(1806,69,66),(1806,120,66),(1806,236,22),(1806,351,71),(1807,94,82),(1807,152,13),(1807,276,7),(1807,375,99),(1808,36,50),(1808,108,93),(1808,376,72),(1808,444,91),(1809,170,42),(1809,297,81),(1809,429,63),(1809,444,47),(1810,425,7),(1811,31,71),(1811,150,9),(1811,435,46),(1812,262,99),(1812,307,72),(1812,387,93),(1812,480,50),(1813,27,12),(1814,3,94),(1814,61,85),(1814,175,54),(1814,429,35),(1814,436,93),(1815,40,97),(1815,109,73),(1815,186,32),(1815,393,17),(1816,13,17),(1816,70,58),(1816,375,10),(1817,315,98),(1817,474,44),(1817,478,6),(1818,11,67),(1818,30,62),(1818,117,18),(1818,122,1),(1818,444,74),(1819,25,18),(1819,122,75),(1819,367,65),(1819,463,11),(1819,484,32),(1819,498,36),(1820,9,74),(1820,96,5),(1820,294,96),(1820,366,53),(1821,386,64),(1821,388,35),(1821,414,15),(1822,430,53),(1822,461,12),(1823,169,60),(1823,219,33),(1823,405,2),(1824,37,71),(1824,180,60),(1824,250,49),(1824,292,88),(1824,381,26),(1824,468,98),(1824,492,57),(1824,497,31),(1825,205,8),(1825,363,85),(1826,160,1),(1826,299,95),(1826,371,15),(1827,65,88),(1827,82,50),(1827,89,28),(1827,181,75),(1827,453,77),(1828,47,86),(1828,155,17),(1828,220,47),(1828,441,15),(1829,398,24),(1830,130,75),(1830,237,90),(1831,18,58),(1831,22,84),(1832,253,99),(1832,288,9),(1832,351,71),(1832,487,32),(1833,6,97),(1834,94,1),(1834,127,72),(1834,194,29),(1834,229,27),(1835,30,66),(1835,174,53),(1835,359,22),(1836,17,33),(1836,115,38),(1836,261,72),(1836,490,63),(1837,362,91),(1838,56,9),(1838,74,81),(1838,329,38),(1839,59,69),(1839,360,88),(1840,64,42),(1840,120,62),(1840,287,59),(1840,326,90),(1841,251,67),(1841,448,29),(1842,150,28),(1842,284,92),(1842,340,9),(1842,366,56),(1842,383,35),(1842,490,47),(1843,33,41),(1843,97,74),(1843,228,78),(1843,251,54),(1843,479,23),(1844,34,6),(1844,132,41),(1844,160,50),(1844,163,57),(1844,459,29),(1845,54,84),(1845,72,99),(1845,123,4),(1845,179,42),(1845,252,18),(1845,318,67),(1845,463,78),(1846,324,10),(1846,332,40),(1846,347,90),(1846,350,52),(1846,372,84),(1846,442,89),(1846,447,58),(1847,160,78),(1847,164,32),(1847,236,93),(1847,270,61),(1847,325,7),(1847,390,40),(1848,14,71),(1848,147,61),(1848,332,19),(1849,172,46),(1849,188,70),(1849,253,66),(1849,284,43),(1849,338,35),(1850,36,33),(1850,287,2),(1850,316,30),(1850,372,57),(1851,211,3),(1851,376,47),(1853,179,11),(1853,208,67),(1854,69,8),(1854,422,52),(1855,128,86),(1855,330,63),(1856,290,79),(1856,468,12),(1856,474,27),(1857,64,7),(1857,227,67),(1857,291,44),(1857,323,87),(1857,363,5),(1857,392,1),(1858,2,47),(1858,67,83),(1859,218,90),(1859,421,69),(1859,458,25),(1860,356,47),(1861,96,81),(1861,220,60),(1862,73,93),(1863,78,70),(1863,383,76),(1863,467,38),(1864,436,1),(1865,70,28),(1865,83,41),(1866,18,43),(1866,35,50),(1866,288,15),(1866,346,35),(1867,368,38),(1868,18,96),(1868,37,40),(1868,99,87),(1868,202,21),(1868,483,29),(1868,496,5),(1869,128,97),(1869,159,61),(1869,175,2),(1869,255,52),(1869,271,92),(1870,44,31),(1870,240,48),(1870,328,60),(1871,53,92),(1871,96,59),(1871,164,63),(1871,196,24),(1871,200,10),(1871,367,59),(1871,473,82),(1872,67,32),(1872,110,82),(1872,208,79),(1873,98,36),(1873,139,87),(1873,240,24),(1873,483,33),(1874,5,52),(1874,102,28),(1874,177,52),(1874,277,7),(1874,306,75),(1874,313,26),(1874,360,49),(1875,24,34),(1875,120,88),(1876,42,19),(1876,110,87),(1876,180,1),(1876,189,1),(1877,63,79),(1877,68,52),(1878,356,100),(1878,402,43),(1879,239,14),(1879,285,10),(1879,300,96),(1880,24,77),(1880,139,90),(1880,172,41),(1880,265,65),(1880,267,14),(1880,459,43),(1881,23,12),(1881,125,85),(1881,345,69),(1882,50,27),(1882,134,21),(1882,224,50),(1882,329,48),(1884,369,2),(1884,486,24),(1885,339,52),(1885,397,61),(1885,449,9),(1886,39,6),(1886,188,39),(1887,44,95),(1887,51,94),(1887,58,66),(1887,162,55),(1887,333,35),(1887,425,20),(1888,94,70),(1888,150,58),(1888,337,43),(1889,89,21),(1889,231,69),(1889,285,62),(1889,294,62),(1889,308,93),(1889,379,29),(1889,398,11),(1889,411,61),(1889,490,5),(1890,64,87),(1890,68,73),(1890,113,50),(1890,199,65),(1890,255,79),(1890,408,88),(1891,27,33),(1891,197,16),(1892,38,89),(1892,79,56),(1892,292,13),(1892,361,21),(1892,406,21),(1893,415,9),(1893,456,17),(1894,286,17),(1895,5,30),(1895,343,9),(1895,349,32),(1896,50,61),(1896,274,39),(1896,451,88),(1897,32,85),(1897,335,44),(1897,337,66),(1897,364,15),(1897,368,23),(1897,432,77),(1897,478,60),(1898,81,12),(1898,180,62),(1898,210,38),(1900,23,69),(1900,89,23),(1900,177,26),(1900,287,44),(1900,310,44),(1900,344,30),(1900,439,84),(1900,481,44),(1900,486,61),(1901,58,56),(1901,349,99),(1901,350,60),(1901,374,62),(1901,415,5),(1902,34,14),(1902,132,36),(1902,211,92),(1902,284,77),(1902,307,39),(1902,340,17),(1902,450,87),(1903,138,23),(1903,493,91),(1904,10,87),(1904,32,27),(1904,38,64),(1904,59,57),(1904,386,60),(1905,53,74),(1905,264,85),(1905,291,74),(1905,460,75),(1906,46,39),(1906,315,56),(1907,106,2),(1907,138,70),(1908,1,81),(1908,81,73),(1908,132,91),(1908,155,17),(1909,12,31),(1909,304,77),(1910,192,63),(1910,311,92),(1910,437,50),(1911,29,38),(1911,50,93),(1911,127,40),(1911,478,80),(1912,238,28),(1912,260,60),(1912,275,41),(1913,74,16),(1913,311,14),(1913,399,26),(1913,448,69),(1913,500,88),(1914,233,6),(1914,304,57),(1914,447,7),(1914,466,100),(1915,89,25),(1915,139,84),(1915,145,6),(1915,297,11),(1915,394,50),(1915,418,14),(1916,110,9),(1917,33,65),(1917,191,24),(1917,344,40),(1917,399,87),(1917,493,89),(1918,74,18),(1918,83,63),(1919,75,15),(1919,136,50),(1919,196,98),(1919,348,18),(1920,255,26),(1920,465,16),(1920,499,2),(1921,95,76),(1921,259,49),(1921,446,53),(1922,147,60),(1922,181,21),(1922,362,58),(1922,405,27),(1923,169,29),(1923,215,78),(1924,2,21),(1924,107,27),(1924,490,16),(1925,2,81),(1925,20,13),(1925,25,21),(1925,93,78),(1925,125,12),(1925,205,27),(1925,281,16),(1926,249,88),(1927,76,69),(1927,328,8),(1927,492,97),(1928,198,53),(1928,322,2),(1928,332,76),(1929,98,22),(1929,162,23),(1929,312,17),(1929,353,100),(1929,405,85),(1929,483,86),(1930,6,98),(1930,218,95),(1930,274,52),(1930,332,21),(1931,13,99),(1931,64,7),(1931,132,62),(1931,137,41),(1931,455,67),(1932,108,92),(1932,293,86),(1933,264,80),(1933,369,40),(1934,383,48),(1935,236,58),(1935,436,38),(1935,442,97),(1936,144,72),(1936,149,96),(1937,18,42),(1937,146,79),(1937,276,59),(1937,322,91),(1937,367,44),(1938,36,18),(1938,111,11),(1938,139,62),(1938,271,20),(1938,298,22),(1938,302,31),(1939,65,83),(1939,387,17),(1940,89,17),(1940,114,87),(1940,132,7),(1940,168,28),(1940,199,67),(1940,206,97),(1940,297,47),(1941,49,74),(1941,58,89),(1941,100,47),(1941,166,38),(1941,489,60),(1941,496,56),(1942,45,90),(1942,172,21),(1943,152,8),(1943,448,65),(1944,232,86),(1944,271,66),(1944,407,65),(1945,200,39),(1946,399,33),(1947,114,63),(1947,135,92),(1947,186,29),(1947,328,90),(1947,450,50),(1947,492,46),(1948,178,17),(1948,355,59),(1948,373,67),(1948,480,93),(1949,178,63),(1949,311,44),(1949,408,59),(1949,482,100),(1950,149,92),(1950,316,67),(1950,348,61),(1950,439,27),(1950,456,55),(1951,229,32),(1951,476,55),(1952,355,65),(1952,404,80),(1954,25,65),(1954,70,46),(1954,92,45),(1954,222,2),(1954,409,40),(1956,272,30),(1956,394,7),(1957,456,44),(1958,149,64),(1958,300,37),(1958,328,17),(1958,357,98),(1958,474,71),(1958,483,40),(1960,277,84),(1960,291,98),(1960,470,59),(1961,194,39),(1961,294,52),(1961,399,40),(1962,133,86),(1962,143,28),(1962,389,52),(1962,434,59),(1962,461,22),(1963,247,48),(1963,468,64),(1964,150,82),(1964,224,44),(1965,40,47),(1965,48,30),(1966,184,40),(1966,381,74),(1966,468,63),(1966,473,26),(1967,330,85),(1968,109,46),(1969,86,86),(1969,220,62),(1970,456,61),(1970,466,8),(1970,486,6),(1971,15,50),(1971,95,1),(1971,131,48),(1971,472,12),(1971,492,29),(1972,2,64),(1972,239,45),(1972,253,46),(1972,350,79),(1972,391,86),(1972,399,42),(1972,435,4),(1973,189,37),(1973,190,18),(1973,281,90),(1973,284,46),(1973,316,71),(1973,412,10),(1974,79,3),(1974,310,90),(1974,436,26),(1975,1,83),(1975,284,87),(1975,338,1),(1975,371,75),(1976,68,83),(1976,354,29),(1977,42,69),(1977,147,7),(1978,26,23),(1978,64,56),(1978,68,79),(1979,27,70),(1979,187,49),(1979,193,67),(1979,221,52),(1980,192,12),(1980,259,58),(1980,356,27),(1980,369,68),(1980,451,92),(1981,27,69),(1981,50,10),(1981,65,50),(1981,376,25),(1981,479,54),(1982,256,100),(1982,418,18),(1983,58,10),(1983,102,90),(1983,229,98),(1983,491,47),(1984,459,93),(1985,189,52),(1985,202,13),(1985,257,45),(1985,448,2),(1986,222,11),(1986,384,53),(1986,482,72),(1987,117,63),(1987,316,96),(1988,20,89),(1988,46,91),(1988,383,90),(1989,38,2),(1989,191,7),(1990,5,30),(1991,111,88),(1991,134,56),(1991,169,11),(1991,326,86),(1992,22,12),(1992,183,85),(1992,205,44),(1992,286,66),(1992,362,18),(1992,376,80),(1992,390,6),(1992,446,2),(1993,110,93),(1993,287,34),(1994,204,79),(1994,397,61),(1994,458,83),(1995,7,66),(1995,99,68),(1995,224,60),(1995,263,13),(1995,442,87),(1995,497,75),(1996,160,16),(1996,240,97),(1996,307,12),(1996,360,18),(1997,246,28),(1997,264,78),(1997,351,32),(1997,458,65),(1998,269,87),(1998,461,20),(1999,314,40),(2000,232,55),(2000,256,7),(2000,361,98),(2000,423,21),(2001,83,49),(2001,135,74),(2001,238,65),(2001,374,71),(2001,399,44),(2002,31,43),(2002,36,1),(2002,207,59),(2002,279,47),(2002,299,15),(2002,469,40),(2003,62,64),(2003,387,19),(2003,407,71),(2003,476,28),(2003,494,85),(2004,9,95),(2005,221,82),(2005,416,91),(2006,408,7),(2007,180,98),(2007,309,79),(2008,99,61),(2008,316,74),(2008,328,27),(2008,480,11),(2009,12,51),(2009,227,93),(2009,283,64),(2009,472,20),(2010,141,22),(2011,280,12),(2011,321,71),(2011,353,39),(2011,417,15),(2011,493,56),(2012,227,93),(2012,252,55),(2012,289,13),(2012,335,48),(2012,395,53),(2012,421,56),(2012,485,81),(2013,2,6),(2013,137,5),(2013,186,39),(2013,247,68),(2013,384,47),(2013,449,6),(2015,73,4),(2015,390,11),(2016,69,22),(2016,102,14),(2016,230,35),(2016,351,16),(2016,494,92),(2017,82,28),(2017,98,36),(2017,141,74),(2017,246,92),(2017,283,75),(2017,394,67),(2017,457,11),(2017,473,30),(2017,495,41),(2018,13,21),(2018,99,33),(2018,116,55),(2019,53,56),(2019,189,88),(2019,328,50),(2020,14,99),(2020,43,87),(2020,373,26),(2021,18,15),(2021,98,74),(2021,150,37),(2022,6,6),(2022,88,69),(2022,150,81),(2022,438,100),(2023,144,25),(2023,222,30),(2023,366,82),(2024,58,70),(2024,69,50),(2025,35,33),(2025,249,39),(2025,319,46),(2025,478,43),(2026,88,29),(2026,129,89),(2026,150,58),(2026,266,70),(2026,489,23),(2027,296,64),(2027,383,33),(2027,400,34),(2028,148,63),(2028,290,48),(2028,368,75),(2029,285,22),(2031,152,81),(2031,168,92),(2031,355,13),(2031,380,11),(2032,46,44),(2032,247,34),(2033,171,43),(2033,214,86),(2033,222,97),(2033,227,33),(2033,242,83),(2033,245,95),(2033,279,23),(2033,372,20),(2033,423,91),(2034,180,20),(2034,214,45),(2034,313,32),(2034,463,88),(2034,499,8),(2035,132,5),(2035,251,95),(2035,360,16),(2035,365,57),(2035,483,64),(2036,24,4),(2036,155,73),(2037,51,31),(2037,206,60),(2037,300,46),(2037,304,58),(2038,216,17),(2038,232,18),(2038,329,63),(2038,482,2),(2039,2,94),(2039,165,90),(2039,249,28),(2039,406,56),(2039,454,45),(2040,230,67),(2040,489,56),(2041,13,69),(2042,41,73),(2042,84,9),(2042,91,83),(2042,92,36),(2042,156,38),(2042,180,29),(2043,207,79),(2043,320,19),(2043,412,2),(2044,127,22),(2045,138,45),(2045,246,30),(2045,294,70),(2045,353,57),(2045,394,79),(2046,51,75),(2046,81,78),(2046,92,98),(2046,101,15),(2046,253,84),(2046,318,82),(2046,346,97),(2046,462,40),(2047,33,63),(2047,427,47),(2048,193,29),(2048,221,32),(2048,278,84),(2048,432,36),(2048,434,55),(2049,68,27),(2049,176,98),(2049,476,43),(2050,23,36),(2050,103,34),(2050,191,71),(2050,356,23),(2051,73,18),(2051,247,60),(2051,381,64),(2052,30,52),(2052,380,47),(2052,480,71),(2052,498,87),(2053,101,73),(2053,205,64),(2053,257,32),(2053,437,89),(2054,114,79),(2055,69,57),(2055,122,67),(2056,136,63),(2056,196,24),(2056,277,83),(2056,471,18),(2057,55,99),(2057,63,79),(2057,416,26),(2058,17,21),(2058,113,87),(2058,178,25),(2058,474,71),(2059,79,66),(2059,245,69),(2059,249,51),(2059,302,28),(2059,347,58),(2059,463,20),(2060,191,11),(2060,422,63),(2060,470,39),(2061,10,22),(2061,103,86),(2061,321,52),(2061,358,16),(2062,74,34),(2062,119,72),(2062,286,70),(2063,193,15),(2063,208,11),(2063,357,97),(2064,104,43),(2064,165,4),(2065,71,4),(2065,262,18),(2065,394,41),(2065,400,49),(2066,103,86),(2066,183,45),(2066,392,61),(2067,19,23),(2067,30,32),(2067,64,30),(2067,179,81),(2067,317,80),(2067,399,49),(2067,427,76),(2067,480,66),(2068,65,72),(2068,145,10),(2068,308,97),(2068,385,45),(2068,476,14),(2069,120,97),(2069,194,9),(2069,202,53),(2069,320,58),(2070,267,6),(2070,393,78),(2071,62,77),(2071,250,65),(2071,473,24),(2072,402,51),(2073,45,50),(2073,341,28),(2073,400,6),(2074,197,51),(2074,258,41),(2075,143,43),(2075,464,53),(2076,284,56),(2076,351,62),(2076,486,32),(2077,125,78),(2077,324,55),(2078,295,80),(2078,413,75),(2078,489,47),(2079,150,59),(2079,200,75),(2080,22,49),(2080,42,58),(2080,114,62),(2080,356,67),(2081,60,63),(2081,488,24),(2082,6,19),(2082,164,33),(2082,387,38),(2082,408,82),(2083,114,37),(2083,169,47),(2083,335,40),(2083,355,24),(2083,467,68),(2083,478,9),(2084,321,46),(2085,56,53),(2085,199,53),(2085,396,72),(2085,445,83),(2086,94,22),(2086,181,60),(2086,234,89),(2086,288,83),(2086,316,95),(2086,486,24),(2087,359,94),(2087,374,9),(2088,141,89),(2088,204,94),(2088,212,50),(2088,345,36),(2088,435,61),(2089,169,99),(2089,308,62),(2089,345,71),(2089,354,71),(2089,365,7),(2090,239,8),(2090,359,12),(2091,31,30),(2091,262,16),(2091,263,8),(2092,99,78),(2092,175,87),(2092,246,15),(2092,333,62),(2092,436,33),(2093,12,22),(2093,96,53),(2095,30,54),(2095,103,3),(2095,205,50),(2095,359,4),(2095,405,65),(2096,157,78),(2096,162,34),(2096,191,39),(2096,285,50),(2096,423,100),(2096,488,60),(2097,43,95),(2097,74,79),(2097,182,11),(2097,223,65),(2098,124,36),(2098,321,30),(2098,451,38),(2099,408,52),(2099,436,38),(2100,265,87),(2101,232,39),(2103,75,97),(2103,220,21),(2104,50,12),(2104,189,48),(2104,375,89),(2104,432,16),(2104,436,35),(2105,28,85),(2105,53,46),(2105,154,26),(2105,240,82),(2105,308,97),(2105,348,74),(2105,352,60),(2105,384,78),(2105,420,40),(2106,31,91),(2106,97,55),(2106,211,2),(2106,273,5),(2106,295,72),(2106,315,46),(2106,397,80),(2106,425,1),(2106,443,86),(2107,179,68),(2108,140,95),(2108,187,53),(2109,247,71),(2109,461,63),(2110,84,49),(2110,140,81),(2110,254,22),(2111,42,41),(2111,91,86),(2111,197,56),(2111,228,67),(2111,337,62),(2111,405,51),(2112,65,100),(2112,103,100),(2112,312,94),(2112,468,92),(2112,490,95),(2113,114,28),(2113,166,19),(2113,345,91),(2113,472,80),(2114,22,60),(2114,81,40),(2114,164,14),(2114,183,94),(2114,402,19),(2115,24,49),(2115,68,40),(2115,206,30),(2115,233,19),(2116,41,8),(2116,217,24),(2116,241,55),(2116,409,1),(2117,236,31),(2117,329,18),(2117,400,14),(2117,483,59),(2118,50,18),(2118,133,62),(2118,429,74),(2118,445,59),(2119,24,49),(2119,29,21),(2119,272,18),(2119,320,25),(2120,32,84),(2120,89,64),(2120,125,63),(2120,129,82),(2120,215,100),(2120,326,49),(2120,477,43),(2121,60,58),(2121,107,37),(2121,201,6),(2121,211,12),(2121,308,37),(2121,346,24),(2121,385,12),(2122,152,47),(2122,300,69),(2123,394,52),(2124,423,40),(2125,88,36),(2125,109,45),(2125,424,13),(2126,34,33),(2126,78,67),(2126,155,44),(2126,164,49),(2126,351,5),(2126,365,28),(2126,421,100),(2127,43,68),(2127,109,75),(2129,92,91),(2129,299,75),(2129,426,28),(2130,85,21),(2130,303,11),(2131,53,30),(2131,68,40),(2132,24,13),(2132,182,30),(2132,189,5),(2132,201,72),(2132,310,36),(2132,401,38),(2133,424,77),(2134,85,47),(2134,190,17),(2134,435,25),(2135,127,90),(2135,175,91),(2135,181,82),(2135,332,13),(2136,234,46),(2136,271,80),(2136,369,85),(2137,133,35),(2137,243,81),(2137,493,89),(2138,94,35),(2138,362,74),(2139,18,49),(2139,234,44),(2139,242,52),(2140,55,82),(2140,76,41),(2140,164,44),(2140,294,5),(2140,486,75),(2141,134,90),(2141,164,91),(2142,151,54),(2142,206,48),(2142,256,94),(2142,367,53),(2143,155,39),(2143,377,67),(2143,410,70),(2144,28,54),(2144,112,93),(2144,413,65),(2145,32,31),(2145,96,48),(2145,128,47),(2145,185,46),(2145,394,29),(2146,357,18),(2146,428,21),(2147,19,43),(2147,104,95),(2147,121,26),(2148,65,97),(2148,231,95),(2148,397,27),(2148,401,82),(2149,219,75),(2150,40,8),(2150,111,27),(2150,141,32),(2150,422,2),(2151,100,20),(2151,194,75),(2151,255,59),(2152,97,20),(2152,164,70),(2152,268,8),(2152,359,49),(2152,405,31),(2152,499,85),(2153,20,40),(2153,22,6),(2153,96,74),(2153,127,21),(2153,200,4),(2153,201,82),(2153,304,80),(2153,460,53),(2154,242,48),(2154,291,32),(2154,298,21),(2154,375,7),(2154,422,95),(2156,180,13),(2156,218,3),(2156,336,42),(2156,354,67),(2156,406,6),(2156,423,51),(2156,433,50),(2157,31,56),(2157,324,49),(2157,391,90),(2158,191,45),(2158,261,68),(2159,30,99),(2159,402,11),(2159,436,37),(2159,468,81),(2160,75,48),(2160,123,87),(2160,125,90),(2160,320,36),(2160,445,5),(2161,86,69),(2161,258,15),(2161,353,28),(2161,412,24),(2161,416,87),(2162,26,67),(2163,151,33),(2163,185,50),(2163,262,53),(2164,81,53),(2164,157,70),(2164,291,67),(2164,298,32),(2166,38,69),(2167,31,13),(2167,327,29),(2167,329,41),(2168,113,8),(2168,202,60),(2168,483,46),(2169,298,83),(2170,324,68),(2170,333,61),(2171,66,50),(2171,344,34),(2171,385,78),(2171,458,24),(2172,34,3),(2172,37,27),(2172,81,40),(2172,161,84),(2172,200,32),(2173,25,29),(2173,105,65),(2173,167,12),(2174,351,70),(2174,464,71),(2175,128,7),(2175,453,75),(2176,331,60),(2176,387,4),(2176,448,91),(2177,32,4),(2177,289,83),(2177,365,18),(2178,3,84),(2178,71,51),(2178,230,4),(2178,232,86),(2178,386,6),(2178,493,57),(2179,138,49),(2179,214,53),(2179,365,54),(2179,400,67),(2179,413,33),(2179,481,15),(2180,50,90),(2180,94,66),(2180,324,86),(2180,326,1),(2180,363,51),(2181,76,57),(2181,169,41),(2181,257,60),(2181,327,93),(2182,338,47),(2182,427,45),(2183,161,66),(2183,307,26),(2183,341,35),(2184,375,81),(2185,108,63),(2185,200,50),(2185,265,48),(2186,81,95),(2186,249,5),(2187,57,37),(2187,139,13),(2187,157,32),(2187,274,42),(2187,442,36),(2188,104,70),(2188,164,59),(2189,387,75),(2190,248,5),(2190,323,78),(2192,287,26),(2192,312,68),(2192,350,82),(2193,220,16),(2193,314,98),(2193,373,69),(2193,378,80),(2194,106,23),(2194,495,38),(2195,162,14),(2195,284,74),(2195,369,65),(2196,14,80),(2196,63,95),(2196,133,43),(2197,76,23),(2197,233,11),(2197,259,45),(2197,419,41),(2198,260,51),(2198,423,71),(2198,452,55),(2199,193,25),(2199,331,43),(2199,489,11),(2200,123,43),(2200,294,70),(2200,435,51),(2201,194,96),(2201,237,26),(2201,257,49),(2202,23,38),(2202,45,24),(2202,391,55),(2202,476,60),(2203,133,100),(2203,258,52),(2203,391,2),(2204,254,97),(2204,316,79),(2204,341,63),(2204,475,33),(2204,492,40),(2205,37,2),(2205,161,61),(2206,52,97),(2206,72,94),(2206,195,4),(2206,229,71),(2206,310,87),(2206,320,73),(2207,139,82),(2207,364,81),(2208,260,37),(2208,271,42),(2208,301,45),(2208,307,41),(2208,344,98),(2208,374,86),(2208,414,2),(2209,69,45),(2209,235,63),(2209,448,95),(2210,97,93),(2210,218,6),(2210,286,38),(2210,296,41),(2210,301,83),(2210,349,97),(2210,412,91),(2210,447,3),(2210,470,8),(2211,11,36),(2211,46,37),(2211,430,96),(2211,439,12),(2212,211,88),(2212,251,2),(2212,385,88),(2212,496,55),(2213,121,36),(2213,131,22),(2213,149,36),(2213,417,48),(2214,67,79),(2214,332,53),(2215,425,2),(2215,458,88),(2216,11,39),(2216,55,73),(2216,96,99),(2216,135,13),(2216,318,99),(2217,3,79),(2217,65,22),(2217,81,97),(2217,264,44),(2218,225,63),(2218,260,36),(2218,269,96),(2218,352,46),(2218,498,56),(2219,319,97),(2220,139,80),(2220,142,55),(2220,150,25),(2220,390,58),(2221,70,89),(2221,495,4),(2222,379,7),(2223,37,49),(2223,148,15),(2224,241,36),(2224,319,9),(2225,216,18),(2225,430,9),(2225,494,16),(2226,47,53),(2226,161,83),(2226,381,62),(2226,437,63),(2227,56,41),(2227,95,54),(2227,151,30),(2227,281,68),(2227,329,23),(2227,426,56),(2228,85,21),(2228,268,90),(2228,300,67),(2228,379,56),(2228,400,27),(2228,433,27),(2229,87,53),(2229,227,58),(2230,59,89),(2230,114,76),(2230,118,34),(2230,130,38),(2230,213,34),(2230,281,56),(2231,146,15),(2231,254,84),(2231,274,43),(2232,272,46),(2233,26,41),(2233,58,69),(2233,143,100),(2233,152,26),(2233,170,31),(2233,236,18),(2233,238,72),(2233,365,72),(2233,474,7),(2233,500,61),(2234,9,99),(2234,75,31),(2234,127,85),(2234,230,58),(2234,407,21),(2235,263,86),(2235,358,52),(2235,453,49),(2236,143,31),(2236,156,12),(2236,171,99),(2237,101,4),(2237,482,92),(2238,26,20),(2238,30,6),(2238,33,25),(2238,350,87),(2238,401,73),(2238,472,16),(2239,113,82),(2239,177,17),(2239,234,61),(2239,335,35),(2239,404,61),(2240,85,10),(2240,140,63),(2240,279,61),(2240,379,59),(2240,394,91),(2240,439,92),(2241,131,57),(2241,268,66),(2241,320,69),(2241,392,59),(2241,442,21),(2241,449,13),(2241,465,30),(2241,466,93),(2242,180,15),(2242,186,68),(2242,364,68),(2242,368,78),(2242,430,61),(2243,3,53),(2243,208,63),(2243,293,92),(2243,348,23),(2244,117,87),(2244,124,68),(2244,176,33),(2244,198,66),(2244,454,10),(2245,173,20),(2245,180,18),(2245,348,92),(2246,88,23),(2246,113,8),(2246,278,18),(2246,349,80),(2247,52,62),(2247,107,80),(2247,246,97),(2247,263,19),(2247,290,30),(2247,356,7),(2247,421,2),(2247,458,90),(2248,9,3),(2248,414,95),(2249,66,52),(2249,205,48),(2249,442,16),(2249,480,66),(2250,477,10),(2251,12,87),(2251,112,9),(2251,181,82),(2251,377,62),(2252,115,92),(2252,151,47),(2252,249,62),(2252,256,66),(2254,23,22),(2254,96,13),(2254,377,11),(2255,41,39),(2256,6,88),(2256,41,42),(2256,105,47),(2256,277,7),(2256,284,16),(2256,288,98),(2256,439,80),(2256,491,94),(2257,180,56),(2258,190,95),(2258,240,62),(2258,291,100),(2259,67,97),(2260,166,11),(2260,270,17),(2260,432,29),(2261,60,59),(2261,327,25),(2261,455,64),(2262,103,85),(2262,245,52),(2262,328,69),(2263,442,60),(2264,87,9),(2264,124,86),(2265,131,44),(2265,295,37),(2265,309,40),(2265,479,67),(2266,371,55),(2266,410,43),(2266,417,76),(2267,23,94),(2267,38,95),(2267,253,31),(2267,499,95),(2268,169,3),(2269,60,23),(2269,186,75),(2269,384,55),(2270,19,90),(2272,70,70),(2272,122,52),(2272,493,38),(2273,34,18),(2273,142,71),(2274,262,4),(2274,315,73),(2275,2,74),(2275,293,40),(2275,459,21),(2276,3,5),(2276,148,6),(2276,183,78),(2276,436,51),(2277,133,11),(2277,230,53),(2277,271,25),(2277,365,1),(2277,498,58),(2278,139,55),(2278,378,74),(2278,414,44),(2279,204,74),(2279,342,69),(2280,5,90),(2280,151,30),(2281,4,23),(2281,162,95),(2281,313,3),(2282,395,37),(2283,188,98),(2283,298,34),(2284,226,100),(2285,269,89),(2286,114,23),(2286,137,76),(2286,427,29),(2286,478,68),(2287,112,23),(2287,213,73),(2287,355,91),(2287,468,17),(2288,207,61),(2288,236,46),(2288,247,59),(2288,338,70),(2288,458,86),(2288,482,4),(2289,455,91),(2289,470,32),(2290,188,49),(2290,413,90),(2290,436,11),(2291,193,88),(2291,458,99),(2292,305,29),(2292,311,66),(2292,360,70),(2293,160,96),(2293,255,85),(2293,350,10),(2293,483,53),(2294,54,18),(2294,81,39),(2294,246,34),(2294,485,25),(2295,82,76),(2295,302,35),(2296,118,13),(2296,141,44),(2296,365,37),(2297,358,83),(2298,151,22),(2298,198,54),(2298,349,62),(2299,249,2),(2300,84,25),(2300,140,57),(2300,276,89),(2300,319,38),(2300,385,70),(2301,474,66),(2302,61,97),(2302,400,63),(2302,419,79),(2302,447,21),(2303,448,5),(2304,101,16),(2304,125,16),(2304,248,36),(2304,410,87),(2304,430,57),(2305,129,19),(2305,260,31),(2306,237,15),(2306,348,80),(2306,349,78),(2307,434,24),(2308,113,99),(2308,254,4),(2308,265,13),(2308,358,21),(2308,494,7),(2309,115,52),(2309,289,69),(2309,460,28),(2310,201,12),(2310,344,6),(2310,476,91),(2311,45,6),(2312,132,28),(2312,246,37),(2312,342,12),(2312,397,39),(2312,490,89),(2313,189,58),(2313,268,85),(2313,414,25),(2313,461,13),(2313,480,5),(2314,45,46),(2314,217,13),(2314,286,89),(2314,296,96),(2315,54,82),(2315,70,8),(2315,290,70),(2315,330,75),(2315,331,26),(2315,452,58),(2316,214,75),(2316,421,19),(2317,103,3),(2317,107,75),(2317,136,49),(2317,333,36),(2318,170,23),(2318,173,76),(2318,305,69),(2318,318,54),(2318,362,25),(2319,83,55),(2319,216,11),(2319,376,99),(2319,434,97),(2319,454,49),(2320,26,35),(2320,268,51),(2320,375,78),(2321,270,73),(2321,417,90),(2321,468,61),(2322,114,3),(2322,190,71),(2322,211,37),(2323,16,7),(2323,114,90),(2323,173,63),(2323,326,5),(2323,393,77),(2323,417,37),(2323,443,100),(2324,138,71),(2324,281,40),(2324,416,98),(2324,437,65),(2325,105,22),(2325,108,62),(2325,261,36),(2325,431,76),(2326,99,44),(2327,141,97),(2327,209,80),(2327,450,58),(2327,466,73),(2328,7,70),(2328,209,64),(2328,226,13),(2328,231,8),(2328,295,80),(2329,294,49),(2329,310,33),(2330,57,11),(2330,137,25),(2330,255,77),(2330,347,58),(2331,203,38),(2331,331,24),(2331,492,47),(2332,141,51),(2332,148,45),(2332,318,35),(2333,20,85),(2333,326,34),(2333,355,72),(2333,468,80),(2333,480,19),(2334,202,36),(2334,465,98),(2335,7,32),(2335,118,91),(2335,159,69),(2335,183,74),(2335,356,12),(2336,110,15),(2336,111,94),(2336,281,74),(2336,313,6),(2336,315,57),(2337,351,29),(2338,7,90),(2338,115,27),(2338,126,29),(2338,315,51),(2338,403,65),(2338,444,98),(2338,445,59),(2339,194,53),(2340,2,45),(2340,98,88),(2340,168,8),(2340,200,93),(2340,245,100),(2340,320,8),(2340,352,16),(2341,115,68),(2341,285,20),(2342,77,93),(2342,142,24),(2342,157,42),(2342,303,10),(2342,370,68),(2342,438,18),(2343,135,43),(2344,298,57),(2344,380,42),(2345,225,99),(2345,275,72),(2345,296,4),(2345,419,63),(2346,27,61),(2346,346,95),(2346,423,49),(2346,468,67),(2347,226,53),(2347,282,100),(2347,391,97),(2347,409,54),(2347,452,99),(2349,113,98),(2349,215,100),(2350,35,36),(2350,219,71),(2350,330,68),(2350,342,45),(2350,354,40),(2350,441,85),(2350,469,11),(2350,485,92),(2351,41,61),(2351,293,22),(2351,329,53),(2352,6,56),(2352,65,12),(2352,178,63),(2352,190,7),(2352,348,23),(2352,497,10),(2353,27,66),(2353,72,19),(2353,265,95),(2353,307,13),(2353,359,57),(2353,419,79),(2353,437,7),(2354,181,97),(2354,322,81),(2355,52,35),(2355,103,43),(2355,135,71),(2355,276,8),(2355,320,57),(2355,468,73),(2356,65,65),(2356,178,61),(2356,297,34),(2357,158,70),(2357,424,59),(2359,245,25),(2360,60,86),(2360,232,75),(2360,277,24),(2360,385,53),(2360,484,73),(2361,51,55),(2361,126,21),(2361,147,79),(2361,202,23),(2361,241,9),(2361,389,96),(2361,461,13),(2363,17,31),(2363,28,39),(2363,46,34),(2363,71,97),(2363,104,5),(2363,339,28),(2364,49,81),(2364,258,29),(2365,104,92),(2365,109,16),(2365,183,71),(2365,415,74),(2366,102,40),(2366,157,11),(2366,270,77),(2366,346,56),(2367,248,70),(2367,281,94),(2367,447,44),(2367,453,23),(2367,493,24),(2368,63,86),(2368,136,11),(2368,402,22),(2368,448,4),(2369,37,44),(2369,151,49),(2369,167,45),(2369,331,53),(2369,338,94),(2370,1,85),(2370,321,87),(2371,15,15),(2371,32,27),(2371,36,78),(2371,307,17),(2371,357,80),(2372,239,99),(2372,422,74),(2373,25,44),(2373,244,36),(2373,350,37),(2373,364,12),(2374,24,21),(2374,130,38),(2374,152,44),(2374,376,54),(2374,415,84),(2375,281,64),(2377,30,57),(2377,67,75),(2377,123,21),(2377,127,81),(2377,455,7),(2378,343,69),(2379,222,82),(2379,224,28),(2379,269,25),(2380,160,13),(2380,185,90),(2380,206,49),(2380,278,19),(2380,482,72),(2381,76,33),(2381,182,64),(2381,488,57),(2382,73,42),(2382,87,41),(2382,331,57),(2383,419,33),(2383,453,31),(2384,36,40),(2384,382,75),(2385,127,6),(2385,139,34),(2385,162,75),(2385,438,57),(2385,480,72),(2386,23,11),(2386,28,94),(2386,223,85),(2386,249,76),(2386,336,50),(2386,339,37),(2386,346,16),(2387,46,38),(2388,105,79),(2388,126,7),(2389,137,77),(2389,239,42),(2389,277,60),(2389,426,5),(2390,49,88),(2390,100,78),(2390,108,35),(2390,300,89),(2391,329,10),(2391,353,74),(2392,161,99),(2392,220,88),(2392,327,86),(2392,328,39),(2392,372,49),(2392,466,29),(2392,476,3),(2392,478,63),(2393,245,62),(2393,500,93),(2394,253,15),(2394,330,4),(2395,131,87),(2395,163,36),(2395,182,3),(2396,61,32),(2396,418,9),(2396,478,8),(2398,120,89),(2398,216,7),(2398,220,22),(2398,461,58),(2399,38,91),(2399,45,9),(2399,105,7),(2399,112,32),(2399,199,100),(2400,91,77),(2400,228,56),(2400,347,25),(2400,431,54),(2400,450,49),(2400,456,84),(2400,460,52),(2401,6,55),(2401,56,94),(2401,135,71),(2402,94,7),(2402,373,36),(2403,260,14),(2404,213,77),(2404,238,84),(2404,367,7),(2404,374,25),(2405,226,74),(2405,405,82),(2405,457,83),(2406,222,39),(2406,233,70),(2406,384,79),(2406,425,42),(2407,356,8),(2408,235,98),(2408,254,75),(2408,284,97),(2408,361,22),(2409,89,27),(2409,145,51),(2409,287,48),(2409,342,35),(2409,383,57),(2410,289,86),(2410,445,94),(2411,381,23),(2411,465,8),(2412,133,45),(2412,255,67),(2413,19,61),(2413,132,50),(2413,341,73),(2415,13,26),(2415,163,99),(2417,153,61),(2417,229,13),(2417,384,66),(2417,409,5),(2417,434,22),(2418,54,60),(2418,82,49),(2418,254,77),(2419,142,93),(2419,302,87),(2420,254,25),(2420,255,65),(2420,273,65),(2420,320,72),(2420,446,1),(2421,78,64),(2421,155,64),(2421,209,8),(2421,230,40),(2422,24,28),(2423,144,40),(2423,235,74),(2424,33,15),(2424,299,40),(2424,304,14),(2424,353,34),(2424,400,91),(2425,143,68),(2425,156,36),(2425,343,65),(2427,168,96),(2427,241,7),(2427,266,71),(2427,346,12),(2428,103,21),(2428,457,16),(2429,396,85),(2429,480,30),(2430,54,96),(2430,74,16),(2430,280,67),(2430,431,34),(2431,42,83),(2431,387,8),(2431,422,89),(2431,470,80),(2432,108,78),(2433,53,95),(2433,175,66),(2433,284,34),(2433,394,75),(2433,401,62),(2433,423,60),(2434,203,61),(2435,30,12),(2435,427,16),(2436,31,74),(2436,191,59),(2436,214,76),(2436,358,56),(2436,386,24),(2436,460,33),(2436,467,91),(2437,195,81),(2438,8,31),(2438,313,32),(2438,378,65),(2439,1,85),(2439,213,97),(2439,372,79),(2440,126,22),(2440,432,25),(2441,154,89),(2441,238,66),(2441,429,6),(2442,104,29),(2442,128,71),(2442,256,75),(2442,360,36),(2443,67,19),(2443,143,81),(2443,194,48),(2443,261,43),(2444,73,5),(2444,79,54),(2444,135,52),(2444,143,66),(2444,173,66),(2444,193,86),(2444,256,33),(2444,339,23),(2445,89,12),(2445,196,97),(2446,64,92),(2446,355,34),(2446,405,98),(2446,457,83),(2447,193,22),(2447,263,51),(2448,277,11),(2448,351,82),(2448,434,92),(2449,64,66),(2449,245,19),(2449,400,20),(2450,12,27),(2450,42,50),(2450,351,70),(2451,50,60),(2451,124,30),(2451,202,99),(2451,227,6),(2451,405,63),(2452,305,69),(2452,369,28),(2452,449,35),(2454,210,61),(2454,334,82),(2454,390,100),(2454,466,5),(2454,498,49),(2455,61,71),(2455,284,48),(2455,431,29),(2455,461,14),(2456,114,56),(2457,168,93),(2457,462,76),(2457,474,3),(2458,13,9),(2458,80,3),(2458,130,74),(2458,322,41),(2458,348,61),(2459,7,58),(2459,22,59),(2459,26,86),(2459,199,58),(2459,243,83),(2459,496,89),(2460,81,50),(2460,491,30),(2461,429,73),(2462,292,76),(2462,426,62),(2463,43,50),(2463,47,75),(2463,232,66),(2463,285,9),(2463,388,34),(2463,488,12),(2464,39,76),(2464,41,40),(2464,72,31),(2464,103,39),(2464,120,53),(2464,178,86),(2464,333,21),(2465,203,79),(2465,248,75),(2465,251,35),(2467,10,50),(2467,125,8),(2467,230,100),(2467,468,67),(2468,448,7),(2469,118,51),(2469,274,16),(2470,193,35),(2470,265,68),(2470,299,40),(2471,163,6),(2471,417,92),(2472,59,13),(2472,258,64),(2472,353,92),(2472,365,5),(2473,495,75),(2474,106,6),(2474,211,24),(2474,404,75),(2475,319,9),(2475,419,71),(2476,22,11),(2476,24,19),(2476,53,27),(2476,335,81),(2477,74,13),(2477,97,9),(2477,106,26),(2477,278,43),(2477,452,50),(2477,486,49),(2478,60,78),(2478,84,61),(2478,486,11),(2479,127,68),(2479,180,77),(2479,188,50),(2479,219,57),(2479,440,34),(2480,50,70),(2480,79,4),(2480,183,14),(2480,366,44),(2481,233,20),(2481,240,80),(2482,229,26),(2482,426,14),(2483,22,6),(2483,294,5),(2483,393,64),(2483,493,63),(2484,173,3),(2484,294,8),(2484,391,50),(2485,123,98),(2485,249,93),(2485,359,49),(2486,186,69),(2486,232,95),(2486,246,79),(2487,37,84),(2487,275,62),(2488,25,17),(2488,43,63),(2488,134,26),(2488,174,39),(2488,240,55),(2488,298,14),(2488,482,44),(2489,100,81),(2489,248,10),(2489,485,75),(2490,40,7),(2490,98,36),(2490,153,50),(2492,146,57),(2492,312,74),(2492,424,60),(2493,15,36),(2493,489,70),(2495,382,65),(2495,447,16),(2495,453,71),(2496,1,41),(2496,129,62),(2496,174,41),(2496,475,84),(2497,275,31),(2497,278,34),(2497,474,16),(2498,14,17),(2498,320,2),(2498,357,93),(2498,407,60),(2499,119,95),(2499,230,9),(2500,310,92),(2500,461,82),(2501,3,23),(2501,45,48),(2501,248,73),(2501,261,31),(2501,433,94),(2502,300,52),(2503,98,34),(2503,147,88),(2503,316,43),(2503,480,68),(2504,96,5),(2505,202,89),(2505,269,19),(2505,344,97),(2506,103,23),(2506,217,5),(2506,489,22),(2507,25,23),(2507,189,61),(2507,378,17),(2507,400,52),(2507,470,8),(2508,37,48),(2508,140,80),(2508,167,68),(2508,284,74),(2508,311,4),(2508,401,95),(2508,444,9),(2508,478,85),(2509,169,91),(2509,259,5),(2509,263,58),(2510,34,48),(2510,93,81),(2510,97,71),(2510,274,5),(2510,277,11),(2510,468,33),(2511,130,24),(2511,173,99),(2511,358,87),(2512,43,94),(2512,183,66),(2512,249,66),(2513,159,88),(2513,398,7),(2513,476,85),(2514,104,79),(2514,306,68),(2514,325,11),(2515,18,72),(2515,175,11),(2515,275,39),(2516,83,59),(2516,89,39),(2516,112,23),(2516,123,87),(2516,397,85),(2516,463,17),(2518,118,50),(2518,175,48),(2518,201,11),(2518,232,47),(2518,296,75),(2518,312,45),(2518,454,42),(2519,50,79),(2519,223,2),(2520,32,92),(2520,57,59),(2520,78,15),(2520,186,50),(2521,315,15),(2522,224,72),(2522,484,100),(2522,487,27),(2523,21,1),(2523,30,52),(2523,205,100),(2523,431,96),(2524,267,41),(2524,432,70),(2524,443,82),(2525,417,46),(2525,431,5),(2525,436,14),(2525,466,36),(2526,49,24),(2526,488,57),(2527,38,57),(2527,276,82),(2527,431,78),(2528,11,99),(2528,82,73),(2528,218,1),(2528,301,22),(2528,451,6),(2529,77,65),(2529,94,61),(2529,336,75),(2529,471,89),(2529,491,64),(2530,87,72),(2530,90,4),(2530,322,25),(2530,335,40),(2531,200,37),(2531,328,52),(2531,334,10),(2531,372,38),(2532,22,62),(2532,272,25),(2532,281,73),(2532,402,76),(2532,447,79),(2533,154,12),(2533,240,4),(2533,291,76),(2533,409,42),(2534,96,50),(2534,158,51),(2534,457,59),(2535,161,51),(2535,293,35),(2535,415,56),(2535,429,58),(2536,190,68),(2536,411,40),(2536,469,48),(2537,49,27),(2537,330,52),(2537,461,25),(2538,174,65),(2538,231,29),(2538,256,79),(2538,414,27),(2539,138,94),(2539,283,96),(2540,160,12),(2540,385,91),(2541,193,38),(2541,238,91),(2541,495,59),(2542,228,17),(2542,244,59),(2542,314,48),(2542,433,88),(2543,169,17),(2543,186,69),(2543,431,56),(2544,41,44),(2544,285,99),(2545,93,37),(2545,292,73),(2545,321,71),(2545,377,7),(2546,142,54),(2546,458,92),(2546,472,4),(2547,147,27),(2547,323,82),(2547,399,76),(2548,20,7),(2548,49,36),(2548,395,85),(2548,434,92),(2549,51,62),(2549,158,48),(2549,309,38),(2549,313,41),(2549,489,38),(2550,213,72),(2550,216,95),(2550,293,49),(2550,315,49),(2550,393,30),(2550,439,62),(2551,302,96),(2552,74,21),(2552,211,9),(2552,251,74),(2552,316,100),(2553,308,23),(2554,54,57),(2554,144,88),(2554,153,41),(2554,354,23),(2554,447,73),(2554,478,7),(2555,140,29),(2555,214,94),(2556,6,26),(2556,408,75),(2556,457,99),(2557,126,29),(2557,331,69),(2557,340,51),(2557,421,82),(2557,497,80),(2558,97,97),(2558,137,94),(2558,395,46),(2559,259,21),(2559,262,40),(2559,290,8),(2559,307,13),(2559,386,73),(2560,47,82),(2560,261,18),(2560,440,38),(2561,76,74),(2561,104,58),(2561,316,61),(2561,410,65),(2562,20,54),(2562,101,39),(2562,108,98),(2562,117,43),(2562,251,64),(2563,22,7),(2563,275,71),(2564,16,96),(2564,137,15),(2564,358,12),(2565,178,97),(2565,186,76),(2565,190,25),(2565,310,26),(2565,344,1),(2566,123,58),(2566,258,60),(2567,24,83),(2567,164,30),(2567,219,62),(2567,284,20),(2567,455,13),(2568,54,13),(2569,15,14),(2569,45,36),(2569,145,35),(2570,115,92),(2571,76,65),(2571,87,60),(2571,317,49),(2571,395,15),(2572,125,84),(2572,353,93),(2573,186,40),(2574,31,81),(2574,385,85),(2574,470,5),(2575,382,30),(2576,142,71),(2576,222,11),(2576,314,44),(2576,380,22),(2577,396,57),(2577,449,47),(2578,283,47),(2578,417,62),(2578,498,57),(2579,116,53),(2579,300,100),(2579,481,9),(2580,26,57),(2580,113,93),(2580,257,1),(2580,454,43),(2580,480,10),(2581,168,62),(2581,226,44),(2581,267,73),(2581,351,65),(2582,49,61),(2582,114,59),(2582,159,58),(2582,332,44),(2582,350,95),(2582,384,80),(2583,22,12),(2583,24,28),(2583,49,29),(2583,98,16),(2583,103,51),(2583,315,7),(2584,155,7),(2584,463,3),(2585,222,73),(2585,272,17),(2585,469,67),(2586,43,79),(2586,116,81),(2587,237,61),(2588,340,38),(2588,407,64),(2589,6,33),(2589,188,36),(2590,162,1),(2591,145,68),(2591,303,20),(2591,392,95),(2591,478,33),(2591,480,44),(2592,40,45),(2592,67,90),(2592,356,87),(2592,369,13),(2592,440,29),(2593,188,93),(2593,214,42),(2593,287,6),(2593,325,67),(2593,424,36),(2593,484,27),(2594,110,37),(2594,294,92),(2594,357,14),(2595,360,44),(2595,362,17),(2596,162,23),(2597,119,88),(2597,335,53),(2597,356,45),(2597,390,90),(2598,93,58),(2599,83,20),(2599,172,18),(2599,339,90),(2599,482,78),(2601,184,90),(2601,417,53),(2601,421,21),(2601,443,55),(2601,469,37),(2602,123,54),(2602,139,65),(2602,140,27),(2602,294,9),(2602,458,70),(2603,254,13),(2603,499,83),(2604,109,93),(2605,443,85),(2605,462,94),(2605,468,73),(2606,150,35),(2606,487,57),(2607,237,66),(2607,265,11),(2608,37,19),(2608,157,43),(2608,208,76),(2608,245,2),(2609,201,22),(2609,298,93),(2610,26,29),(2610,224,29),(2610,497,68),(2611,64,86),(2611,229,76),(2611,246,25),(2611,397,4),(2611,400,13),(2612,298,88),(2613,175,64),(2614,34,42),(2614,90,1),(2614,451,35),(2615,187,19),(2615,348,83),(2615,381,76),(2615,437,3),(2616,103,31),(2616,359,26),(2616,410,80),(2617,5,91),(2617,12,2),(2617,26,64),(2617,492,96),(2618,157,53),(2618,294,40),(2618,466,86),(2619,408,72),(2619,413,8),(2619,434,23),(2620,90,84),(2620,209,37),(2620,215,90),(2621,97,85),(2621,271,95),(2621,272,81),(2622,147,86),(2622,187,100),(2622,205,79),(2622,486,12),(2623,14,51),(2623,145,48),(2623,184,14),(2623,291,92),(2623,297,89),(2623,302,35),(2624,11,3),(2624,64,57),(2624,191,7),(2624,252,3),(2624,309,98),(2624,438,1),(2625,156,58),(2625,178,97),(2625,212,7),(2625,311,48),(2625,335,56),(2625,395,97),(2626,52,43),(2626,185,99),(2626,219,93),(2626,233,38),(2626,297,82),(2627,193,65),(2627,259,98),(2627,336,68),(2627,399,65),(2628,314,33),(2628,409,57),(2628,430,24),(2629,124,2),(2629,433,20),(2630,46,52),(2630,85,44),(2631,223,78),(2631,336,36),(2631,360,18),(2631,400,72),(2631,468,70),(2632,16,80),(2632,223,49),(2632,276,83),(2632,377,76),(2632,379,48),(2632,380,4),(2632,500,68),(2633,25,38),(2633,245,71),(2634,5,37),(2634,193,92),(2634,348,28),(2634,373,49),(2634,386,81),(2635,22,52),(2635,435,19),(2636,116,28),(2636,127,8),(2636,354,8),(2637,292,26),(2637,452,65),(2637,481,14),(2638,8,43),(2638,253,76),(2639,70,25),(2641,29,58),(2641,209,62),(2641,443,32),(2642,35,42),(2642,114,66),(2642,163,32),(2642,315,97),(2643,101,66),(2643,207,50),(2644,106,43),(2644,402,52),(2644,430,40),(2644,479,50),(2645,73,85),(2645,101,30),(2645,125,88),(2645,281,37),(2645,373,69),(2646,19,77),(2647,13,28),(2647,361,70),(2648,35,22),(2648,120,38),(2648,280,74),(2648,319,95),(2648,356,32),(2649,66,91),(2649,283,35),(2649,332,41),(2649,333,77),(2649,427,17),(2649,472,77),(2650,39,58),(2650,48,38),(2650,291,79),(2651,148,6),(2651,418,5),(2652,243,54),(2652,378,61),(2652,462,96),(2653,3,58),(2653,267,53),(2653,430,46),(2654,266,24),(2655,18,87),(2655,117,26),(2655,217,25),(2656,228,46),(2656,386,78),(2656,462,71),(2656,484,4),(2657,33,34),(2657,117,50),(2657,176,47),(2657,382,4),(2657,398,20),(2658,103,60),(2658,227,88),(2658,301,94),(2659,144,67),(2659,153,47),(2659,169,7),(2659,289,61),(2660,269,84),(2661,18,17),(2661,317,73),(2662,102,35),(2662,255,72),(2662,298,23),(2663,12,36),(2663,29,94),(2663,38,95),(2663,69,2),(2663,159,95),(2663,280,29),(2663,394,88),(2664,12,38),(2664,63,51),(2664,264,36),(2665,68,49),(2665,89,83),(2665,144,45),(2665,204,74),(2665,491,35),(2666,199,8),(2666,493,14),(2667,47,67),(2667,67,67),(2667,205,91),(2667,286,1),(2667,400,62),(2667,475,26),(2668,352,8),(2668,379,3),(2668,434,51),(2668,494,30),(2669,185,65),(2669,362,62),(2670,115,73),(2670,254,35),(2670,463,10),(2671,66,58),(2671,87,37),(2671,252,7),(2671,432,64),(2672,43,35),(2672,84,24),(2672,106,97),(2672,427,32),(2673,22,30),(2673,69,33),(2673,85,24),(2673,293,69),(2674,92,89),(2674,140,7),(2674,440,92),(2674,448,27),(2674,450,78),(2674,465,98),(2675,19,79),(2675,265,36),(2675,451,57),(2675,493,19),(2676,426,86),(2677,7,38),(2677,114,6),(2678,397,84),(2678,415,30),(2679,74,98),(2679,285,89),(2679,375,41),(2679,392,80),(2680,34,87),(2680,305,15),(2680,360,8),(2681,481,44),(2682,62,30),(2682,126,13),(2682,326,63),(2682,331,78),(2682,493,84),(2683,208,16),(2684,168,17),(2684,209,50),(2684,385,93),(2685,44,90),(2685,137,14),(2685,249,24),(2686,346,15),(2686,377,23),(2686,464,41),(2687,7,80),(2687,162,63),(2687,185,84),(2687,229,45),(2687,233,5),(2687,306,70),(2687,342,58),(2687,418,85),(2688,46,48),(2688,131,35),(2688,390,72),(2689,113,18),(2689,229,80),(2689,243,73),(2689,427,49),(2689,485,5),(2690,16,24),(2690,195,43),(2690,275,51),(2690,392,69),(2690,407,68),(2690,496,79),(2691,169,66),(2691,424,32),(2692,8,13),(2692,135,57),(2692,374,21),(2693,104,95),(2693,206,59),(2694,136,17),(2694,153,36),(2695,44,26),(2695,407,94),(2696,165,41),(2696,450,42),(2696,487,41),(2697,132,98),(2697,245,60),(2698,216,9),(2698,287,5),(2698,387,26),(2699,43,91),(2699,90,82),(2699,242,95),(2699,368,31),(2700,116,30),(2700,368,48),(2700,400,28),(2700,408,75),(2700,413,30),(2700,469,36),(2701,118,41),(2701,134,33),(2701,372,59),(2701,377,82),(2702,262,18),(2703,352,100),(2703,487,27),(2704,35,76),(2704,445,14),(2704,484,66),(2707,127,27),(2707,183,65),(2707,326,7),(2708,114,77),(2708,151,68),(2708,319,50),(2708,439,78),(2708,442,38),(2709,270,31),(2709,395,21),(2710,136,72),(2710,191,16),(2710,205,66),(2711,75,49),(2711,151,24),(2711,174,12),(2711,177,88),(2711,244,52),(2711,485,56),(2713,184,33),(2713,499,76),(2714,128,57),(2714,493,36),(2715,212,65),(2715,303,85),(2715,395,65),(2716,88,41),(2716,126,35),(2716,327,3),(2718,206,64),(2718,352,90),(2718,419,43),(2718,494,38),(2719,174,89),(2719,201,36),(2719,294,49),(2719,458,98),(2720,11,83),(2720,101,69),(2720,190,62),(2722,10,14),(2722,120,40),(2722,496,92),(2723,162,15),(2723,184,26),(2723,234,13),(2723,270,94),(2723,393,60),(2724,5,88),(2724,101,37),(2724,385,68),(2724,392,6),(2724,419,99),(2725,181,16),(2725,201,7),(2725,372,65),(2726,243,35),(2726,391,34),(2726,393,62),(2726,439,48),(2727,198,20),(2727,249,58),(2727,273,94),(2728,184,97),(2728,263,31),(2728,323,47),(2728,478,30),(2729,103,45),(2729,226,85),(2729,419,17),(2730,120,83),(2730,176,48),(2730,191,12),(2730,274,84),(2730,331,95),(2731,256,33),(2731,257,73),(2731,298,41),(2732,268,8),(2732,421,68),(2732,473,64),(2733,54,54),(2733,138,1),(2733,481,98),(2734,46,97),(2734,84,50),(2734,369,44),(2735,53,43),(2735,303,52),(2735,355,58),(2735,450,83),(2736,414,39),(2737,107,90),(2737,252,52),(2737,260,21),(2737,305,37),(2737,469,39),(2737,476,72),(2738,140,100),(2738,198,81),(2738,416,6),(2738,442,28),(2738,485,50),(2739,37,60),(2739,390,77),(2739,392,76),(2739,401,5),(2739,402,23),(2740,136,7),(2741,422,55),(2742,235,54),(2742,289,4),(2742,474,7),(2742,490,56),(2743,94,90),(2743,116,24),(2743,187,73),(2743,199,14),(2743,304,40),(2743,311,21),(2743,463,39),(2744,49,17),(2744,324,89),(2745,22,34),(2745,188,99),(2745,222,76),(2745,284,92),(2746,155,90),(2746,204,37),(2746,462,14),(2747,241,39),(2747,300,44),(2747,425,68),(2748,197,43),(2748,427,81),(2748,470,80),(2749,370,83),(2750,59,36),(2750,101,18),(2750,137,21),(2750,320,53),(2750,475,95),(2751,5,11),(2751,61,94),(2751,177,47),(2751,478,41),(2752,94,56),(2752,225,58),(2752,269,7),(2752,360,41),(2752,426,51),(2753,230,47),(2753,283,12),(2753,417,100),(2754,262,65),(2754,296,49),(2754,325,86),(2754,403,32),(2754,476,69),(2754,498,44),(2755,127,76),(2756,382,12),(2757,83,16),(2757,137,37),(2758,47,81),(2758,274,20),(2758,456,41),(2760,55,75),(2760,462,15),(2761,244,88),(2761,342,12),(2761,388,31),(2762,55,16),(2762,214,18),(2762,215,79),(2762,457,10),(2763,80,40),(2763,131,29),(2763,222,32),(2763,290,40),(2763,388,24),(2763,443,99),(2764,75,55),(2764,230,94),(2764,341,43),(2764,367,31),(2764,451,56),(2765,30,41),(2765,138,56),(2765,167,43),(2765,188,41),(2765,266,2),(2765,288,74),(2765,311,21),(2765,442,72),(2765,492,70),(2766,127,8),(2766,257,72),(2766,312,10),(2767,119,91),(2767,127,19),(2767,132,5),(2767,254,100),(2767,272,96),(2767,448,51),(2768,66,69),(2769,80,14),(2769,234,17),(2769,327,90),(2769,400,16),(2769,470,26),(2770,1,17),(2770,213,58),(2770,259,41),(2770,320,73),(2770,409,35),(2770,470,18),(2771,92,98),(2771,93,69),(2771,285,74),(2771,402,48),(2772,13,15),(2772,47,49),(2772,159,21),(2772,308,25),(2772,340,1),(2772,471,49),(2773,84,25),(2773,159,33),(2773,161,11),(2774,157,2),(2774,211,95),(2774,358,100),(2774,405,53),(2774,425,54),(2774,475,22),(2775,26,3),(2775,380,65),(2775,429,62),(2775,436,68),(2775,486,37),(2776,29,11),(2776,137,24),(2776,179,86),(2776,205,17),(2776,376,94),(2776,405,14),(2776,481,66),(2777,1,29),(2777,20,82),(2777,24,93),(2777,97,71),(2777,126,91),(2777,139,73),(2777,372,97),(2777,375,100),(2777,474,6),(2778,146,97),(2778,460,37),(2778,484,78),(2779,138,48),(2779,381,53),(2779,403,79),(2779,419,31),(2780,48,17),(2780,62,86),(2780,491,72),(2781,145,73),(2781,193,45),(2783,250,19),(2783,410,92),(2784,63,26),(2785,97,9),(2785,120,34),(2785,166,98),(2785,305,86),(2785,317,4),(2786,56,21),(2786,215,16),(2787,157,71),(2787,297,3),(2787,390,56),(2788,1,27),(2788,92,86),(2788,142,56),(2788,199,7),(2788,292,91),(2788,456,4),(2788,464,39),(2790,208,49),(2791,278,45),(2791,382,21),(2792,43,85),(2792,57,7),(2792,331,37),(2793,250,99),(2793,401,32),(2793,480,14),(2793,481,3),(2794,90,88),(2794,256,53),(2794,410,45),(2795,170,74),(2795,196,19),(2795,317,4),(2795,324,7),(2796,88,4),(2796,277,8),(2796,312,45),(2797,126,32),(2797,153,69),(2797,178,43),(2797,261,40),(2797,314,61),(2798,118,60),(2798,122,8),(2798,246,14),(2798,253,63),(2798,371,98),(2799,253,70),(2800,7,76),(2800,82,74),(2801,226,85),(2801,250,15),(2802,153,44),(2802,196,68),(2802,327,56),(2802,439,32),(2803,7,14),(2803,20,74),(2803,210,98),(2803,235,32),(2803,264,74),(2804,39,34),(2804,86,19),(2804,188,68),(2804,431,41),(2806,15,14),(2806,129,42),(2806,357,4),(2807,36,14),(2807,105,10),(2807,115,9),(2807,147,84),(2807,194,14),(2807,235,86),(2808,120,83),(2808,238,88),(2808,277,87),(2809,57,71),(2809,182,33),(2809,364,59),(2809,408,34),(2809,434,9),(2809,476,28),(2810,125,30),(2810,280,4),(2810,345,57),(2810,426,11),(2810,454,99),(2811,46,77),(2811,47,60),(2811,179,74),(2811,420,15),(2812,271,99),(2812,291,71),(2812,353,92),(2812,437,67),(2813,122,10),(2813,397,64),(2814,108,13),(2814,148,73),(2814,183,4),(2814,291,50),(2814,324,47),(2814,489,69),(2815,131,77),(2815,143,68),(2815,207,36),(2815,258,54),(2815,413,92),(2815,420,12),(2815,490,61),(2816,26,66),(2816,96,71),(2816,257,1),(2816,421,94),(2816,479,18),(2817,178,68),(2817,255,69),(2818,128,36),(2818,203,17),(2818,323,21),(2818,340,69),(2819,4,20),(2819,330,20),(2819,405,56),(2820,494,14),(2821,57,69),(2821,296,40),(2821,358,27),(2821,384,17),(2821,396,13),(2822,92,78),(2822,370,72),(2823,61,97),(2823,239,35),(2823,306,100),(2823,451,73),(2823,494,4),(2824,28,94),(2824,115,80),(2824,330,39),(2825,84,65),(2825,100,7),(2825,105,96),(2825,281,5),(2826,255,71),(2826,298,100),(2826,453,76),(2827,22,59),(2827,44,72),(2827,54,84),(2827,62,71),(2828,125,58),(2828,176,63),(2828,413,86),(2828,422,45),(2829,104,13),(2829,229,74),(2829,298,46),(2829,443,73),(2830,1,95),(2830,46,85),(2830,160,60),(2830,255,8),(2831,49,98),(2831,141,33),(2831,280,12),(2832,238,74),(2832,291,23),(2833,73,65),(2833,107,2),(2833,314,9),(2833,345,1),(2833,392,4),(2833,395,17),(2834,26,47),(2834,185,96),(2834,200,23),(2834,274,78),(2835,443,77),(2836,454,62),(2836,476,30),(2837,43,61),(2837,46,41),(2837,82,97),(2837,200,15),(2837,222,10),(2838,79,16),(2838,265,17),(2838,374,45),(2839,136,79),(2839,199,53),(2840,169,55),(2840,497,80),(2841,101,7),(2841,249,93),(2841,368,82),(2841,443,29),(2842,71,97),(2843,38,2),(2843,286,59),(2845,149,31),(2845,312,34),(2846,44,46),(2846,110,4),(2846,235,36),(2846,273,89),(2847,251,35),(2847,283,68),(2847,284,23),(2847,428,33),(2847,429,99),(2847,485,87),(2848,109,1),(2848,242,47),(2848,271,71),(2848,292,66),(2848,398,89),(2849,119,72),(2849,429,66),(2850,45,29),(2850,178,45),(2850,254,31),(2850,348,98),(2851,24,48),(2851,34,47),(2851,122,75),(2851,366,15),(2851,444,22),(2851,495,27),(2852,168,31),(2852,279,9),(2853,73,15),(2853,219,13),(2853,328,40),(2853,336,96),(2853,473,88),(2853,481,6),(2854,162,8),(2854,473,93),(2856,153,2),(2856,157,96),(2856,165,36),(2856,336,74),(2856,458,82),(2856,474,77),(2856,499,68),(2857,425,78),(2858,26,80),(2858,207,58),(2859,45,33),(2859,88,25),(2859,363,85),(2860,68,78),(2860,97,9),(2860,257,62),(2860,283,56),(2860,304,23),(2861,13,74),(2861,45,93),(2861,120,26),(2862,166,75),(2862,174,20),(2862,256,70),(2863,137,7),(2863,356,78),(2865,27,85),(2865,37,60),(2865,48,58),(2866,13,44),(2866,53,11),(2866,406,2),(2866,447,53),(2867,85,38),(2867,447,8),(2867,460,82),(2869,42,49),(2869,114,2),(2869,203,80),(2869,406,27),(2869,432,63),(2870,373,25),(2870,460,80),(2871,43,99),(2871,121,73),(2871,122,69),(2871,283,27),(2871,339,35),(2871,371,1),(2871,401,32),(2872,18,33),(2873,97,17),(2873,133,18),(2873,286,88),(2873,382,30),(2874,38,97),(2874,315,26),(2875,41,2),(2875,306,77),(2875,415,28),(2875,477,26),(2876,56,49),(2876,221,82),(2876,380,74),(2876,396,23),(2877,4,50),(2877,58,99),(2878,304,25),(2878,356,31),(2879,245,72),(2879,480,61),(2880,339,3),(2881,198,67),(2881,358,54),(2881,434,98),(2882,49,40),(2882,101,47),(2882,204,36),(2882,262,10),(2882,284,76),(2883,31,98),(2883,215,19),(2883,221,84),(2884,92,69),(2884,187,1),(2884,241,2),(2884,289,68),(2884,353,86),(2885,54,83),(2885,202,47),(2885,414,26),(2885,428,23),(2886,56,79),(2886,158,44),(2886,396,26),(2887,1,64),(2887,81,21),(2887,321,95),(2888,148,82),(2888,485,8),(2890,173,94),(2891,27,3),(2892,86,2),(2892,254,8),(2893,33,65),(2893,39,50),(2893,303,60),(2893,306,88),(2893,330,92),(2894,331,58),(2894,343,63),(2894,358,77),(2894,368,79),(2895,30,79),(2895,37,23),(2895,166,81),(2895,310,100),(2896,450,90),(2897,469,89),(2897,472,51),(2898,1,13),(2900,258,91),(2900,286,15),(2900,421,87),(2901,214,49),(2901,335,12),(2901,378,53),(2901,409,11),(2901,462,36),(2902,50,91),(2902,87,14),(2902,315,24),(2902,324,100),(2903,173,19),(2903,352,24),(2903,448,76),(2903,496,36),(2904,293,63),(2905,39,62),(2905,133,35),(2905,239,96),(2905,287,43),(2906,74,66),(2906,388,19),(2906,491,22),(2907,49,63),(2907,70,9),(2907,152,95),(2907,174,92),(2907,212,14),(2907,246,19),(2907,284,60),(2907,354,61),(2907,367,8),(2907,412,26),(2908,264,88),(2908,464,84),(2908,482,37),(2909,138,85),(2909,147,55),(2909,228,62),(2909,362,13),(2909,378,84),(2909,412,48),(2910,27,60),(2910,179,89),(2910,240,23),(2910,271,37),(2911,80,4),(2912,46,83),(2912,349,46),(2912,382,15),(2912,400,63),(2914,137,39),(2914,364,28),(2914,489,35),(2914,495,52),(2915,13,69),(2915,58,90),(2915,119,15),(2915,147,83),(2915,159,85),(2915,190,64),(2915,384,81),(2915,466,15),(2915,475,80),(2916,30,3),(2916,41,37),(2916,144,96),(2916,237,78),(2916,331,12),(2917,284,100),(2918,87,11),(2918,95,49),(2918,112,58),(2918,126,10),(2918,357,68),(2918,362,11),(2918,382,21),(2919,320,20),(2920,90,42),(2920,259,85),(2920,268,73),(2920,460,74),(2921,15,12),(2921,39,74),(2921,98,81),(2921,265,96),(2921,369,100),(2922,65,70),(2922,86,68),(2922,219,12),(2922,262,74),(2922,299,10),(2922,449,54),(2923,80,4),(2923,193,68),(2924,52,47),(2924,75,32),(2924,117,44),(2924,294,55),(2925,37,46),(2925,116,95),(2925,193,12),(2926,9,84),(2926,93,17),(2926,344,22),(2926,462,40),(2927,236,63),(2928,84,88),(2928,443,67),(2929,115,70),(2929,332,56),(2930,172,91),(2930,385,57),(2930,440,60),(2931,415,25),(2932,325,85),(2933,5,5),(2933,135,73),(2933,245,39),(2933,371,44),(2934,235,42),(2935,146,98),(2935,307,84),(2935,317,45),(2936,12,31),(2936,36,21),(2936,66,3),(2936,220,15),(2936,259,99),(2936,368,38),(2936,463,22),(2937,64,81),(2937,103,26),(2937,392,76),(2937,463,13),(2938,31,21),(2938,43,24),(2938,388,2),(2938,466,56),(2939,120,26),(2939,128,12),(2939,187,70),(2939,287,65),(2939,329,3),(2939,431,24),(2940,152,51),(2940,350,57),(2940,358,79),(2940,474,43),(2941,47,27),(2941,323,33),(2941,400,39),(2942,38,1),(2942,277,27),(2942,378,69),(2942,499,44),(2943,304,99),(2943,392,100),(2943,440,70),(2943,448,74),(2943,487,35),(2944,113,96),(2944,115,63),(2944,313,54),(2944,326,25),(2944,390,65),(2944,440,39),(2945,3,30),(2945,38,86),(2945,86,71),(2945,156,37),(2945,257,81),(2945,349,79),(2946,37,23),(2946,244,53),(2946,281,57),(2947,198,96),(2947,278,35),(2948,309,53),(2948,411,62),(2948,419,35),(2948,492,10),(2949,382,56),(2950,209,20),(2950,228,45),(2950,424,55),(2951,390,49),(2952,9,54),(2952,32,38),(2952,400,43),(2952,463,76),(2952,487,27),(2953,147,22),(2953,309,98),(2954,37,14),(2954,185,13),(2954,310,59),(2955,1,49),(2955,176,98),(2955,289,67),(2956,69,28),(2956,127,71),(2956,292,12),(2956,460,58),(2958,191,84),(2958,194,96),(2958,215,85),(2958,370,75),(2959,183,95),(2959,268,86),(2959,418,80),(2960,261,39),(2960,290,72),(2960,423,69),(2960,432,53),(2961,27,2),(2961,195,81),(2962,33,25),(2962,97,77),(2962,187,36),(2962,372,39),(2962,382,47),(2962,399,55),(2962,426,47),(2962,474,49),(2963,217,84),(2963,242,86),(2963,370,33),(2964,68,10),(2964,133,63),(2964,211,26),(2964,294,23),(2964,441,48),(2964,453,57),(2965,41,97),(2965,92,79),(2965,153,50),(2965,184,42),(2966,358,81),(2966,463,33),(2966,465,7),(2967,234,42),(2967,287,66),(2967,414,39),(2968,18,18),(2968,28,31),(2968,174,18),(2968,374,96),(2968,446,71),(2969,65,32),(2969,92,37),(2969,389,10),(2969,444,51),(2970,347,57),(2971,48,7),(2971,326,43),(2972,287,48),(2972,311,64),(2973,479,55),(2974,46,39),(2974,56,56),(2974,379,9),(2974,491,76),(2975,119,100),(2975,159,51),(2975,363,81),(2975,425,17),(2975,438,35),(2975,500,48),(2976,72,99),(2976,99,45),(2977,50,61),(2977,183,74),(2977,255,56),(2977,264,98),(2977,468,11),(2978,367,28),(2980,30,35),(2980,110,97),(2980,333,39),(2981,51,82),(2981,176,71),(2981,195,29),(2981,262,22),(2981,306,40),(2981,428,40),(2983,1,49),(2983,14,49),(2983,138,23),(2983,423,21),(2984,238,34),(2984,274,28),(2984,311,23),(2984,377,73),(2984,447,58),(2985,179,49),(2985,293,15),(2985,494,6),(2986,211,93),(2986,326,40),(2987,167,34),(2988,337,67),(2988,359,82),(2989,247,27),(2989,280,82),(2989,284,23),(2990,10,43),(2990,87,55),(2990,121,49),(2990,165,5),(2990,183,71),(2990,255,38),(2990,298,62),(2991,187,55),(2992,199,53),(2992,372,57),(2993,261,99),(2993,351,40),(2993,425,35),(2994,47,66),(2994,316,22),(2994,368,29),(2994,430,27),(2994,459,3),(2994,497,18),(2995,219,27),(2995,267,73),(2997,70,50),(2997,144,13),(2997,329,36),(2997,490,65),(2997,491,81),(2998,38,54),(2998,97,29),(2998,304,18),(2998,470,72),(2999,211,31),(2999,284,40),(2999,328,97),(2999,418,98),(3000,122,61);
/*!40000 ALTER TABLE `order_item` ENABLE KEYS */;
UNLOCK TABLES;

--
-- Table structure for table `recommender`
--

DROP TABLE IF EXISTS `recommender`;
/*!40101 SET @saved_cs_client     = @@character_set_client */;
/*!50503 SET character_set_client = utf8mb4 */;
CREATE TABLE `recommender` (
  `id` int NOT NULL AUTO_INCREMENT,
  `clazz` varchar(200) NOT NULL,
  `weight` double NOT NULL,
  `limit` int NOT NULL,
  `active` tinyint NOT NULL DEFAULT '1',
  PRIMARY KEY (`id`),
  UNIQUE KEY `recommender_clazz_uindex` (`clazz`)
) ENGINE=InnoDB AUTO_INCREMENT=5 DEFAULT CHARSET=utf8mb4 COLLATE=utf8mb4_0900_ai_ci;
/*!40101 SET character_set_client = @saved_cs_client */;

--
-- Dumping data for table `recommender`
--

LOCK TABLES `recommender` WRITE;
/*!40000 ALTER TABLE `recommender` DISABLE KEYS */;
INSERT INTO `recommender` VALUES (1,'com.buymemaybe.recommender.BestSellingRecommender',0.2,10,1),(2,'com.buymemaybe.recommender.DefaultRecommender',0.5,10,1),(3,'com.buymemaybe.recommender.NeighbouringRecommender',0.15,10,1),(4,'com.buymemaybe.recommender.OthersFavsRecommender',0.15,10,1);
/*!40000 ALTER TABLE `recommender` ENABLE KEYS */;
UNLOCK TABLES;
/*!40103 SET TIME_ZONE=@OLD_TIME_ZONE */;

/*!40101 SET SQL_MODE=@OLD_SQL_MODE */;
/*!40014 SET FOREIGN_KEY_CHECKS=@OLD_FOREIGN_KEY_CHECKS */;
/*!40014 SET UNIQUE_CHECKS=@OLD_UNIQUE_CHECKS */;
/*!40101 SET CHARACTER_SET_CLIENT=@OLD_CHARACTER_SET_CLIENT */;
/*!40101 SET CHARACTER_SET_RESULTS=@OLD_CHARACTER_SET_RESULTS */;
/*!40101 SET COLLATION_CONNECTION=@OLD_COLLATION_CONNECTION */;
/*!40111 SET SQL_NOTES=@OLD_SQL_NOTES */;

-- Dump completed on 2020-05-18 18:53:52
